date,returns
2016-01-04,-0.0012808378667478
2016-01-05,0.0019464237689537998
2016-01-06,-0.0001509370690120251
2016-01-07,-0.0021878323332365
2016-01-08,0.00018779398924450002
2016-01-11,0.0007571242202752
2016-01-12,2.4628293132699993e-05
2016-01-13,-0.0014271202093311
2016-01-14,0.0009699532613244
2016-01-15,-0.0009607507950915
2016-01-19,-0.0013908720385779
2016-01-20,-0.0018914061643014
2016-01-21,0.00021590452212599999
2016-01-22,-0.0006411543543964
2016-01-25,0.0033621681719546003
2016-01-26,0.0002956915628736
2016-01-27,-0.0025896242824504
2016-01-28,-0.003155370563493
2016-01-29,0.0030392916332855004
2016-02-01,-0.0002777992536826
2016-02-02,0.004696730053372599
2016-02-03,-0.0025275545619223
2016-02-04,0.0025778317000275
2016-02-05,0.0078720886808695
2016-02-08,0.0031836902037183003
2016-02-09,-0.0017510024465602
2016-02-10,0.0014134567142398999
2016-02-11,0.0014519214840477
2016-02-12,-0.0041438702240014
2016-02-16,0.007497776454433299
2016-02-17,0.0085909391308476
2016-02-18,-0.0020485288925632997
2016-02-19,-0.0003119000444007
2016-02-22,0.0054457892935657
2016-02-23,-0.0045812673860366
2016-02-24,0.0038096807453883003
2016-02-25,0.0086640939366837
2016-02-26,-0.0028869194424356
2016-02-29,0.0008164576578405
2016-03-01,0.0056944929292677
2016-03-02,0.0012027152414262
2016-03-03,0.0041538507437259
2016-03-04,-0.0005611030556104
2016-03-07,0.0034110932391833004
2016-03-08,-0.0060927594788284
2016-03-09,-0.0028028116945602
2016-03-10,0.0015558500677297
2016-03-11,0.004173566499522699
2016-03-14,0.0004418554578558
2016-03-15,-0.0007616273878464
2016-03-16,0.004056474629483799
2016-03-17,0.0065378846532931
2016-03-18,0.0020047665893341
2016-03-21,0.0023064592959249003
2016-03-22,-0.0022913743759012998
2016-03-23,0.0011769229572633
2016-03-24,0.0018539586867933999
2016-03-28,-0.0007619794953534001
2016-03-29,0.0020474341130505003
2016-03-30,0.0028877349220290003
2016-03-31,0.00117531229992848
2016-04-01,0.0024223196368386405
2016-04-04,0.00130005044838712
2016-04-05,-0.0040961587605513605
2016-04-06,0.0027939817837085604
2016-04-07,-0.0049560419761628
2016-04-08,9.006580024368002e-05
2016-04-11,-0.00292075821098968
2016-04-12,0.0027578310193834402
2016-04-13,0.00125724778607736
2016-04-14,0.00084347282231384
2016-04-15,0.00020266821318152005
2016-04-18,0.00291135781115432
2016-04-19,0.00138777113300232
2016-04-20,0.00150172739403616
2016-04-21,-0.00294265882942008
2016-04-22,0.0027556996321904006
2016-04-25,-0.00010574892374362001
2016-04-26,0.00307019270015936
2016-04-27,0.00016947027271504002
2016-04-28,-0.004992125247888321
2016-04-29,-0.00268994257108928
2016-05-02,0.0028633910510188
2016-05-03,-0.00398585124472912
2016-05-04,-0.00124919426034064
2016-05-05,0.0013795135206996
2016-05-06,0.00353517492154472
2016-05-09,0.00019521536989600005
2016-05-10,0.0031522079835396
2016-05-11,0.0046216554667984
2016-05-12,0.00011516275811983998
2016-05-13,0.00077141523284896
2016-05-16,0.00138848546311624
2016-05-17,-0.0006437615983191201
2016-05-18,0.00064961889971856
2016-05-19,-0.00089795940571376
2016-05-20,0.00262778081381936
2016-05-23,0.004318118476793359
2016-05-24,0.0012375058575467201
2016-05-25,-0.0006934381017596801
2016-05-26,0.0008817853431227999
2016-05-27,0.00402856131231968
2016-05-31,0.00099355556183088
2016-06-01,0.0029107439079989607
2016-06-02,0.00162535049370608
2016-06-03,0.0016968966473792002
2016-06-06,-0.00100540868624632
2016-06-07,0.0026916814607227204
2016-06-08,0.00172474562740888
2016-06-09,0.00024058196580040001
2016-06-10,-0.004798686394230641
2016-06-13,8.039401368384001e-05
2016-06-14,0.0007247360570591999
2016-06-15,-0.00022541626896728002
2016-06-16,0.00370195404329824
2016-06-17,0.0009346771566658401
2016-06-20,0.0009842330997255199
2016-06-21,0.00098689621278064
2016-06-22,-0.00198949967343936
2016-06-23,0.0052220303808024
2016-06-24,0.00276508959021656
2016-06-27,-0.0017816658182833601
2016-06-28,0.00196623246984536
2016-06-29,-0.0034332629666609603
2016-06-30,0.00406807822862272
2016-07-01,0.0006248947436855999
2016-07-05,0.0011072325861830401
2016-07-06,0.0008030693988339999
2016-07-07,0.00071862533818688
2016-07-08,0.00761901924122584
2016-07-11,0.00146587163815584
2016-07-12,0.0025674529193312804
2016-07-13,0.00140259746113144
2016-07-14,0.0019295594477285601
2016-07-15,-0.0006132997711043201
2016-07-18,0.0023268032138522403
2016-07-19,-0.0006360363307988
2016-07-20,0.00214100983925144
2016-07-21,-0.00219053931423952
2016-07-22,0.0021188361033479203
2016-07-25,-0.0004387010610712
2016-07-26,0.00350267899792432
2016-07-27,-0.00040455040933168004
2016-07-28,0.0025250727370306407
2016-07-29,0.0010264510151963202
2016-08-01,0.00149611502377888
2016-08-02,-0.00296549775920408
2016-08-03,0.00125266439420248
2016-08-04,0.0026829798662629605
2016-08-05,0.0020374276614979203
2016-08-08,-0.00031214073808344005
2016-08-09,-0.0013173948146486402
2016-08-10,-0.001677772081326
2016-08-11,0.0035677098093926402
2016-08-12,-0.0013900075523335202
2016-08-15,0.0026528348702990405
2016-08-16,-0.0037355645729056004
2016-08-17,-0.00218675057364912
2016-08-18,0.0028119894440072003
2016-08-19,0.0015639139909172
2016-08-22,-0.00081841864595528
2016-08-23,0.00238828505925432
2016-08-24,-0.0022808058726745597
2016-08-25,-0.00177094394846712
2016-08-26,0.0019476883175373598
2016-08-29,-0.00145733548717272
2016-08-30,-0.00311780870637312
2016-08-31,-0.0024288329461072
2016-09-01,0.00346669489210728
2016-09-02,-6.985143739030001e-05
2016-09-06,-0.00019790035618576002
2016-09-07,-0.00217369229203224
2016-09-08,-0.0009894699778402402
2016-09-09,-0.00177733443236512
2016-09-12,0.00166852138709352
2016-09-13,0.0030564220452447203
2016-09-14,0.00117689112839432
2016-09-15,0.0026388442167760004
2016-09-16,0.0020811084907300004
2016-09-19,-0.00025962042194568
2016-09-20,0.00119948830400816
2016-09-21,0.0015954040958240001
2016-09-22,0.0012608067507144801
2016-09-23,0.00096425025045256
2016-09-26,-0.0018636268842879202
2016-09-27,-0.00015581955551388003
2016-09-28,0.00625557369015448
2016-09-29,0.0023824522798776802
2016-09-30,0.00380601788500648
2016-10-03,-0.00175622239080096
2016-10-04,-0.00024737238680432
2016-10-05,0.004112807353814
2016-10-06,-0.004358826809367361
2016-10-07,-0.0008453070152280001
2016-10-10,-0.0002054035933416
2016-10-11,-0.006020870437899281
2016-10-12,0.000840194403964
2016-10-13,0.0009641443603423201
2016-10-14,-0.00018088463151408
2016-10-17,-0.00190319678763128
2016-10-18,-0.0013446422405465602
2016-10-19,-0.00040163309772552004
2016-10-20,-0.0011527225925496002
2016-10-21,0.00069520366440696
2016-10-24,0.00565063556070928
2016-10-25,-0.0017125191112733601
2016-10-26,-0.0015676083831886402
2016-10-27,-0.00131447837796208
2016-10-28,0.00024785436596792
2016-10-31,0.00128695310872816
2016-11-01,-0.00273268239757136
2016-11-02,-0.0011534597380314401
2016-11-03,-0.00254393506184184
2016-11-04,-0.00206572634033856
2016-11-07,0.0017106729058078403
2016-11-08,0.0008947933753229598
2016-11-09,0.00343688269122888
2016-11-10,0.00456085890990016
2016-11-11,0.00221416002220312
2016-11-14,0.0040414258077932
2016-11-15,0.0022894132623864803
2016-11-16,-0.0019844368414776
2016-11-17,0.0019230027795833604
2016-11-18,0.00153563867200408
2016-11-21,0.0030721350047304805
2016-11-22,0.0012550601117248
2016-11-23,-0.000289468878354
2016-11-25,0.0004971018913460001
2016-11-28,-0.00311956604376792
2016-11-29,0.00277575662120752
2016-11-30,0.0032049566588758403
2016-12-01,0.0004277362955151201
2016-12-02,0.00122465262940768
2016-12-05,0.00399197747626248
2016-12-06,0.0030160148373386403
2016-12-07,0.0033426643442244003
2016-12-08,0.00105510885352848
2016-12-09,0.00117479784704192
2016-12-12,-0.00051012143986712
2016-12-13,-0.0005757744233507201
2016-12-14,-0.0032376460838366397
2016-12-15,0.00519167404763784
2016-12-16,0.00015704380033039998
2016-12-19,0.0022579821385414404
2016-12-20,0.00266174164231696
2016-12-21,-0.00190687686328984
2016-12-22,-0.00099049757548808
2016-12-23,3.319048110736002e-05
2016-12-27,0.00435648233561016
2016-12-28,-0.0069948928349339206
2016-12-29,8.058972962216001e-05
2016-12-30,-0.0013985720384489602
2017-01-03,-0.00019739547524616003
2017-01-04,0.0025923531425839203
2017-01-05,-0.0006152420010913601
2017-01-06,0.00516525642360592
2017-01-09,-0.0017755283853620799
2017-01-10,-6.576290384479997e-06
2017-01-11,0.00419579641883624
2017-01-12,-0.00504808912958904
2017-01-13,0.0005037349591127201
2017-01-17,-0.005600034753141761
2017-01-18,4.966042315624e-05
2017-01-19,0.0028749749571895205
2017-01-20,0.00013172657688304001
2017-01-23,0.0006958410385280799
2017-01-24,0.0038895164473695203
2017-01-25,0.0033818014779478404
2017-01-26,0.0025019685058268004
2017-01-27,0.0029556427238316
2017-01-30,-0.00249313154338424
2017-01-31,-0.00219109102683792
2017-02-01,0.004805095323927921
2017-02-02,-0.00113752669198408
2017-02-03,0.0029441187729811204
2017-02-06,-0.00040403152972824
2017-02-07,-0.00015505114347646
2017-02-08,0.00055265415315824
2017-02-09,0.00439094678601928
2017-02-10,0.0031580604724207205
2017-02-13,0.00020288726609696002
2017-02-14,0.00128835247422856
2017-02-15,0.00547841948325752
2017-02-16,-0.00224450801386312
2017-02-17,0.0032377460540928007
2017-02-21,0.00109876402503672
2017-02-22,0.00020460463486096002
2017-02-23,0.0016131254856972801
2017-02-24,0.00315454327934056
2017-02-27,-0.00016742574757192013
2017-02-28,-0.00230199906227472
2017-03-01,0.005766553745008881
2017-03-02,-0.0041545491305444
2017-03-03,-0.00018555085988848
2017-03-06,0.00024111250572728002
2017-03-07,-0.00326737937856968
2017-03-08,0.0026949624232764
2017-03-09,-0.00133970879938328
2017-03-10,-0.00043634314042096
2017-03-13,0.00123891532723896
2017-03-14,0.0016635308744827198
2017-03-15,0.0019519695383268798
2017-03-16,-0.0008969301183104801
2017-03-17,0.00199300210778096
2017-03-20,0.00130450738391864
2017-03-21,-0.0015082411467170402
2017-03-22,0.0014736022766446402
2017-03-23,-0.0014552112300032002
2017-03-24,0.00176726676745536
2017-03-27,0.0015158425044047201
2017-03-28,0.00201373524278424
2017-03-29,9.916609373480002e-05
2017-03-30,-0.0027227902194688802
2017-03-31,0.0007800808977044799
2017-04-03,-0.0009655892694756801
2017-04-04,-0.00028992635808832004
2017-04-05,0.00023654167414304005
2017-04-06,-0.004584244713439441
2017-04-07,0.00122946289144768
2017-04-10,-0.0016751084840775203
2017-04-11,-0.00300750308236
2017-04-12,0.0020017845441104003
2017-04-13,0.00184305925823208
2017-04-17,0.00184142060419704
2017-04-18,0.0024311823389112004
2017-04-19,-0.0014062787537861602
2017-04-20,0.0051942538971154395
2017-04-21,-0.0006263021119967201
2017-04-24,0.0033203467881859202
2017-04-25,0.006242509329163599
2017-04-26,-0.0008541972692310401
2017-04-27,0.0037413158610356003
2017-04-28,-0.0015885227554164802
2017-05-01,0.00066545745025304
2017-05-02,-0.00224686610053456
2017-05-03,0.00054672787454872
2017-05-04,0.00222647672918904
2017-05-05,0.00121434250957544
2017-05-08,0.00037326652237016007
2017-05-09,0.00074526910688816
2017-05-10,0.00061631824760688
2017-05-11,-0.0005427622466295201
2017-05-12,-0.00218422186251096
2017-05-15,0.0017457776927856
2017-05-16,0.0047460633812978405
2017-05-17,-0.00416815373147264
2017-05-18,0.0025019826768165605
2017-05-19,0.006282736504973361
2017-05-22,0.0018087547418049602
2017-05-23,0.00113694366468816
2017-05-24,0.0049788226546067195
2017-05-25,0.0030908486222707204
2017-05-26,0.00094120873195624
2017-05-30,0.0012691894986371999
2017-05-31,0.0007893233729544
2017-06-01,0.0033622120703008
2017-06-02,0.0025681478775025604
2017-06-05,0.00167702346091624
2017-06-06,0.00126782602100024
2017-06-07,0.00234531150527888
2017-06-08,0.0017447832629931199
2017-06-09,-0.005053411979750001
2017-06-12,-0.0017334444721652802
2017-06-13,0.0018348328390284001
2017-06-14,-0.0016885657033436003
2017-06-15,-0.0007546664058551201
2017-06-16,0.0015531194646614401
2017-06-19,0.004696638508364
2017-06-20,0.00113121689696792
2017-06-21,0.0026336658521994402
2017-06-22,0.00054988152584488
2017-06-23,0.0017813026605215999
2017-06-26,-0.0014802273166272001
2017-06-27,-0.006067754697473441
2017-06-28,0.0023938383555793604
2017-06-29,-0.005163388653037441
2017-06-30,-0.00107362017254552
2017-07-03,0.00048905586422912
2017-07-05,0.0013899669793763201
2017-07-06,-0.004225297917247441
2017-07-07,0.00636762437442448
2017-07-10,-0.00059564913399184
2017-07-11,0.00038208885562464003
2017-07-12,0.0023978124863456803
2017-07-13,-0.00108841024604768
2017-07-14,0.0007565110719205601
2017-07-17,-0.00085719424073336
2017-07-18,0.0034905239990282405
2017-07-19,0.0010387007700216001
2017-07-20,-0.0017522971200146403
2017-07-21,0.003914525556508159
2017-07-24,0.00150940635214392
2017-07-25,0.0006900019940512801
2017-07-26,0.00110640496679432
2017-07-27,-0.00421571997363112
2017-07-28,-0.00043119953310896003
2017-07-31,-0.0034121285468026404
2017-08-01,0.00177270308791344
2017-08-02,0.0043859129921247995
2017-08-03,0.0015917913942221599
2017-08-04,0.0014389790097636
2017-08-07,-0.00034217114620728
2017-08-08,-0.0011852365749757602
2017-08-09,0.00154108619719744
2017-08-10,-0.005151858952889441
2017-08-11,-0.00121033552687152
2017-08-14,0.00805351584741552
2017-08-15,0.00383294960880752
2017-08-16,-0.00107597197767672
2017-08-17,-0.0012916490707410402
2017-08-18,0.00030910802048544005
2017-08-21,-0.0034246350901936
2017-08-22,0.00194260012371464
2017-08-23,5.4206061634320005e-05
2017-08-24,-0.00303775282443192
2017-08-25,-0.00258024442703568
2017-08-28,-0.0015718962276737602
2017-08-29,0.00491891341624064
2017-08-30,0.00155798062453256
2017-08-31,0.00475635179361392
2017-09-01,0.0024543904494634403
2017-09-05,-0.0006341954489092
2017-09-06,-0.0012297958135964802
2017-09-07,0.0037364123946694405
2017-09-08,-3.189829342901997e-05
2017-09-11,0.0036216289582676805
2017-09-12,0.00038707469074024007
2017-09-13,-0.00130144460464848
2017-09-14,-0.0004928630656881601
2017-09-15,-0.0005345821265816
2017-09-18,-0.0015773393142382401
2017-09-19,0.00135530753446592
2017-09-20,-0.00121201428199208
2017-09-21,-0.00020228868450664002
2017-09-22,0.0009102693278566401
2017-09-25,-0.002252679446464
2017-09-26,0.00110357459152328
2017-09-27,0.0008944985619511198
2017-09-28,0.00258480147112256
2017-09-29,-0.00045413199489984
2017-10-02,0.00397678321501088
2017-10-03,0.0018694267675511999
2017-10-04,0.00375342123973456
2017-10-05,0.00314208335257448
2017-10-06,-0.0025476785515829597
2017-10-09,0.0008594750338383201
2017-10-10,0.0017183810268023199
2017-10-11,-0.0049697610629036
2017-10-12,2.2693157422479994e-05
2017-10-13,0.00025595476202272
2017-10-16,-0.00092783945351176
2017-10-17,-0.00030527396160096005
2017-10-18,0.0005709905287214401
2017-10-19,0.0029610237722483205
2017-10-20,0.0012658815132089599
2017-10-23,0.00109670160561248
2017-10-24,0.0007591119705732
2017-10-25,-0.0022975718728047998
2017-10-26,0.00276719729747368
2017-10-27,0.00041411985799696
2017-10-30,-0.0016742128080704803
2017-10-31,-0.00236347350673128
2017-11-01,-0.0018908577455136802
2017-11-02,0.0027603389914322403
2017-11-03,0.0020368480818868805
2017-11-06,0.0019949461194671203
2017-11-07,-0.0013975753604153602
2017-11-08,0.0025753389793091203
2017-11-09,-0.00487989040270864
2017-11-10,-0.00197214114115168
2017-11-13,0.0009210468409307998
2017-11-14,-0.0013035922288730402
2017-11-15,-0.00119204713996248
2017-11-16,0.0010775661059376001
2017-11-17,-0.0033586860861972803
2017-11-20,0.00375031071820904
2017-11-21,0.0027130154853298406
2017-11-22,-0.0028821735893922403
2017-11-24,0.0033607025902230403
2017-11-27,-3.482124834290001e-05
2017-11-28,0.0019525590652641602
2017-11-29,-0.0017796641211587202
2017-11-30,0.006524101151538719
2017-12-01,-0.0017660878038132002
2017-12-04,-0.00277830229836096
2017-12-05,-0.00162209819718808
2017-12-06,0.00028932016092952
2017-12-07,-0.00174138834307824
2017-12-08,0.0027183218749903203
2017-12-11,0.00185699483812416
2017-12-12,0.0026648031617130404
2017-12-13,0.003153386312279441
2017-12-14,-0.00322336335936864
2017-12-15,0.0027028012366728
2017-12-18,0.00144322353555352
2017-12-19,-0.0029811232353002402
2017-12-20,-0.0011565021892115202
2017-12-21,-0.0025215212278577597
2017-12-22,-8.993445272143996e-05
2017-12-26,-0.00085084686191816
2017-12-27,0.00030796069325752
2017-12-28,0.00021827880956112004
2017-12-29,-0.00020473184249704
2018-01-02,0.0024990113030101606
2018-01-03,0.0020684004448431204
2018-01-04,0.0020017271810114402
2018-01-05,0.00323597465529552
2018-01-08,0.0019196632912579197
2018-01-09,0.00017118488102152
2018-01-10,0.00183370355959472
2018-01-11,0.00465606951057776
2018-01-12,0.0041247421581876
2018-01-16,-0.00312642408520832
2018-01-17,0.0040099930755328
2018-01-18,-0.0025179113247544003
2018-01-19,0.00275893391427192
2018-01-22,0.0019555060756553605
2018-01-23,0.0024912775987684004
2018-01-24,-0.00117444406093256
2018-01-25,0.00221385055516328
2018-01-26,0.00486352880130696
2018-01-29,-8.194227723075991e-05
2018-01-30,-0.00278322638184984
2018-01-31,0.00020619372978792
2018-02-01,-0.00240820709246752
2018-02-02,-0.00868633296690096
2018-02-05,-0.0092049587105456
2018-02-06,0.0050210097905793605
2018-02-07,0.0005611992088500001
2018-02-08,-0.006412633123145841
2018-02-09,0.0036704242148484006
2018-02-12,0.00119997482045176
2018-02-13,0.0024861989710051203
2018-02-14,0.0064893797454916
2018-02-15,0.00277825653364048
2018-02-16,-0.00051037202678128
2018-02-20,-0.0015321420558814401
2018-02-21,-0.0014660133658208
2018-02-22,-0.00119599560762896
2018-02-23,0.00417488535968064
2018-02-26,-0.000420823413916
2018-02-27,-0.00316567062476416
2018-02-28,-0.00402886623241808
2018-03-01,-0.00470641481783704
2018-03-02,0.00071428273386192
2018-03-05,0.00681946285630064
2018-03-06,5.3348954034240014e-05
2018-03-07,-0.0011774337668528
2018-03-08,0.00049011015884
2018-03-09,0.008078344956468642
2018-03-12,0.0006271240189508001
2018-03-13,-0.00188154129062784
2018-03-14,-0.00254442553578832
2018-03-15,-0.00082236895417056
2018-03-16,0.00138913365684032
2018-03-19,-0.006246297662974721
2018-03-20,0.00404574414938144
2018-03-21,-0.0014131315421676003
2018-03-22,-0.010766856318912641
2018-03-23,-0.006170894826514
2018-03-26,0.0121660827518336
2018-03-27,-0.00303847633833616
2018-03-28,-0.00368488109802792
2018-03-29,0.0032965165912014404
2018-04-02,-0.00641354655159648
2018-04-03,0.0028808381698264803
2018-04-04,0.00150505369586048
2018-04-05,0.00308724635720312
2018-04-06,-0.00540766507440976
2018-04-09,-0.0009968939059096
2018-04-10,0.00401654220194248
2018-04-11,-0.00193429340113872
2018-04-12,0.0022740700381314403
2018-04-13,0.00016290945400960002
2018-04-16,-0.00045677275405832
2018-04-17,0.00675073141938552
2018-04-18,0.00209213960185256
2018-04-19,-0.00261371020904552
2018-04-20,-0.00301175511778544
2018-04-23,-0.0015981198447408002
2018-04-24,0.0009183480866471201
2018-04-25,0.0023562392849352004
2018-04-26,0.0045961104048339195
2018-04-27,0.00045502330302296
2018-04-30,-6.188327223453994e-05
2018-05-01,0.00129163919549552
2018-05-02,0.0028149936973278404
2018-05-03,0.00085455054052456
2018-05-04,0.00432874988336888
2018-05-07,0.0023100932949222403
2018-05-08,0.0016754808234995201
2018-05-09,0.00519248437392376
2018-05-10,0.00449081355575632
2018-05-11,-0.0011175313450156803
2018-05-14,-0.00065546458193432
2018-05-15,-0.0007989238294204001
2018-05-16,-0.0005678543931971201
2018-05-17,-0.00021646112171512
2018-05-18,-0.00037955057064496
2018-05-21,0.0052052122741937604
2018-05-22,-0.0028023243545292798
2018-05-23,0.0034629309526549605
2018-05-24,-0.00043490923798016
2018-05-25,-0.00138404982505712
2018-05-29,-0.00040211067501104
2018-05-30,0.00742769248274168
2018-05-31,-0.0006968838575902401
2018-06-01,0.008295212160541921
2018-06-04,0.005255162585967601
2018-06-05,0.0007856533775407999
2018-06-06,0.00408716955383424
2018-06-07,-0.0021456638723947197
2018-06-08,-0.00041399889533792
2018-06-11,0.0020800958066607205
2018-06-12,0.0030077906193423203
2018-06-13,-0.0013159970709936
2018-06-14,0.00067738301611536
2018-06-15,-0.00031992658389776
2018-06-18,0.00063100655231112
2018-06-19,-0.006326684417732401
2018-06-20,0.0019661289904594403
2018-06-21,-0.0035067999786020797
2018-06-22,0.0027648983268632804
2018-06-25,-0.00323025160483432
2018-06-26,0.00162826003477056
2018-06-27,-0.004108527700993601
2018-06-28,0.0024298491367136803
2018-06-29,0.00159256888310936
2018-07-02,0.0006366570695632
2018-07-03,-0.0012968534858696001
2018-07-05,0.0025725929582378405
2018-07-06,0.0021284347610758406
2018-07-09,0.00109634945749344
2018-07-10,-0.00124463865367
2018-07-11,0.0012645337711292
2018-07-12,0.00478620836288696
2018-07-13,0.00030661768495775997
2018-07-16,0.00055660710149728
2018-07-17,0.0014792223111372
2018-07-18,0.0021470093471281605
2018-07-19,-0.00047609183465568
2018-07-20,0.000605046492608
2018-07-23,0.00113363717299792
2018-07-24,0.0018409479601108798
2018-07-25,0.00744760729310352
2018-07-26,0.00064519372820776
2018-07-27,-0.00250963274858504
2018-07-30,-0.00235350171661144
2018-07-31,0.0015098315061247201
2018-08-01,0.00025976587116888005
2018-08-02,0.006431682133370401
2018-08-03,-0.0011984802014855201
2018-08-06,0.0028414404962524803
2018-08-07,0.00023671726931808005
2018-08-08,0.0027990652974352803
2018-08-09,-0.00243664558257816
2018-08-10,0.0005761998544816
2018-08-13,0.0023797070449940805
2018-08-14,0.0020562125726537603
2018-08-15,-0.003938889407344
2018-08-16,0.0020780826328805602
2018-08-17,0.00067866176549768
2018-08-20,0.00026610976112032003
2018-08-21,0.0018659494541524802
2018-08-22,0.00169736535979272
2018-08-23,0.0029008985008848005
2018-08-24,0.00578031935110952
2018-08-27,0.0003617136250724
2018-08-28,0.00122992874681048
2018-08-29,0.00569167006008936
2018-08-30,-0.0009057449634548001
2018-08-31,0.0007125427642616799
2018-09-04,0.00109025103600376
2018-09-05,-0.0028072670940388
2018-09-06,-0.00063663681428832
2018-09-07,0.00115080701977064
2018-09-10,0.0034676285851058405
2018-09-11,0.00168326047912056
2018-09-12,0.00206513097512816
2018-09-13,0.0022690091170643203
2018-09-14,-0.00016436414411945987
2018-09-17,-0.00139151283125552
2018-09-18,0.00423561890074024
2018-09-19,-0.00224234603793464
2018-09-20,-0.0005941913207807201
2018-09-21,-0.0001343768855139601
2018-09-24,0.00020774010774200004
2018-09-25,-0.00254036777967888
2018-09-26,0.00142128588070576
2018-09-27,0.00146711481809656
2018-09-28,-0.002504872825022
2018-10-01,0.00507579027810128
2018-10-02,-0.00428668697872176
2018-10-03,-0.00023154958930016
2018-10-04,-0.00450361419698688
2018-10-05,-0.0020163833812047198
2018-10-08,-0.00254708852776592
2018-10-09,-0.00011897099532178014
2018-10-10,-0.005318065087816241
2018-10-11,-0.00216001791638472
2018-10-12,0.0045498086773972796
2018-10-15,-0.00024117992312864
2018-10-16,0.00507349336492088
2018-10-17,-0.0005020774241449601
2018-10-18,-0.00068399406132448
2018-10-19,0.0030916665802017606
2018-10-22,-0.0009309313127463201
2018-10-23,-0.0010998568501239202
2018-10-24,-0.00011730806466470008
2018-10-25,0.0019369365329812
2018-10-26,0.00414480197287176
2018-10-29,0.00106757935145784
2018-10-30,0.0010945073250196
2018-10-31,-0.00457038250718856
2018-11-01,-0.00300736473439632
2018-11-02,-0.0013493876160380802
2018-11-05,0.0010082192524971199
2018-11-06,-0.0008183113851243201
2018-11-07,0.009869700981218562
2018-11-08,0.00171081558736936
2018-11-09,9.205241871624002e-05
2018-11-12,-0.0059422584205973605
2018-11-13,-4.3928954816960066e-05
2018-11-14,-0.0025204151465712797
2018-11-15,0.00187956440740432
2018-11-16,0.005517971264331681
2018-11-19,-0.00282196735313824
2018-11-20,-0.005418782153847681
2018-11-21,0.0011877545026883999
2018-11-23,-0.0034808701831527196
2018-11-26,0.0055745041664636
2018-11-27,0.0021044458590728002
2018-11-28,0.00618166667650456
2018-11-29,0.00027730404241944006
2018-11-30,0.00424751460388152
2018-12-03,0.004279875386139919
2018-12-04,-0.00632673778712448
2018-12-06,-0.0008067793609447202
2018-12-07,-0.0017450647368149601
2018-12-10,-0.0014135806803847201
2018-12-11,0.00198789192552232
2018-12-12,0.0008831426806085599
2018-12-13,0.0035297392097088007
2018-12-14,-0.0032371970941776004
2018-12-17,-0.00119505142240512
2018-12-18,0.0021819718244608004
2018-12-19,-0.00348836884740664
2018-12-20,-0.005406973868534961
2018-12-21,-0.0006584062422494401
2018-12-24,-0.00292590990038312
2018-12-26,0.008610396331696241
2018-12-27,0.0017726954683004
2018-12-28,0.00339654514423576
2018-12-31,0.0024260417042365604
2019-01-02,-0.00455406524995656
2019-01-03,-0.01018769224208248
2019-01-04,0.0078027021728188
2019-01-07,0.0008610173918168
2019-01-08,-0.0011859798550066401
2019-01-09,0.0005381169419664
2019-01-10,-0.0006783612953028001
2019-01-11,0.001136227510434
2019-01-14,-0.00463484920883504
2019-01-15,0.00184127630197624
2019-01-16,-0.00061493974752864
2019-01-17,0.00523668015928096
2019-01-18,0.00391142660300752
2019-01-22,-0.00208840099194616
2019-01-23,0.00022141291521936003
2019-01-24,0.0027388476330898405
2019-01-25,0.0023203935891948006
2019-01-28,-0.0036879432295964
2019-01-29,0.0018657884227688798
2019-01-30,0.010228993914240321
2019-01-31,0.00413535413815528
2019-02-01,0.0023825233073115205
2019-02-04,0.00331062338348176
2019-02-05,0.0005291961637730401
2019-02-06,-0.00031870985156032
2019-02-07,-0.00384922300915112
2019-02-08,0.00582082923006912
2019-02-11,0.0016276431171183203
2019-02-12,0.006465953788626561
2019-02-13,0.0009639940452341601
2019-02-14,-0.0016637949299083202
2019-02-15,0.00414804825073008
2019-02-19,-0.0008012610152818401
2019-02-20,0.002600064086574
2019-02-21,-0.0021697064295994398
2019-02-22,0.0043019556987423995
2019-02-25,0.00193276564322344
2019-02-26,0.00108125978897496
2019-02-27,-0.00090278477977648
2019-02-28,-0.0005458021627962401
2019-03-01,-0.000377600596748
2019-03-04,-0.001705961497636
2019-03-05,-0.00263258175117064
2019-03-06,-0.0028926833595964
2019-03-07,3.539541341872e-05
2019-03-08,0.00011820358263391998
2019-03-11,0.0017446917846104801
2019-03-12,0.0027472470036423204
2019-03-13,0.0029088837372019203
2019-03-14,0.00163520878863344
2019-03-15,0.0058075751459159995
2019-03-18,-0.0014626000737582403
2019-03-19,0.00188310954318352
2019-03-20,-0.00058228354641216
2019-03-21,0.0041647647955868
2019-03-22,0.00125122247121608
2019-03-25,0.00080006676029528
2019-03-26,0.00050131030809816
2019-03-27,-0.00178203426125528
2019-03-28,-0.0007247784436109601
2019-03-29,0.0005669765509868
2019-04-01,0.0036394604865659205
2019-04-02,0.0010143686536468
2019-04-03,0.0030262589608088
2019-04-04,-0.0018299543246548002
2019-04-05,0.0025782622416420805
2019-04-08,-0.00033741496054704
2019-04-09,0.00014144106362456
2019-04-10,-0.00055651305235496
2019-04-11,-0.00451028595796776
2019-04-12,0.0038372068279312007
2019-04-15,0.00143831648264192
2019-04-16,0.0017015726204943201
2019-04-17,0.0015119404151888
2019-04-18,0.00367550730212256
2019-04-22,0.0009615102843507199
2019-04-23,0.00487484198383432
2019-04-24,0.00051720976814232
2019-04-25,-0.00019649340886184
2019-04-26,0.0008058467456540001
2019-04-29,-0.0006302126394117601
2019-04-30,0.0018356972091776
2019-05-01,-0.00476660544880224
2019-05-02,-0.00121044074933432
2019-05-03,0.0025932884820507205
2019-05-06,-0.0021636777449611996
2019-05-07,-0.0001703534073300798
2019-05-08,0.00181126238865936
2019-05-09,-0.005330344690842961
2019-05-10,0.00033890723858360003
2019-05-13,-0.0038362621168445605
2019-05-14,0.001852567842598
2019-05-15,0.00170447975971464
2019-05-16,0.0027490008605739204
2019-05-17,0.00248092136863672
2019-05-20,-0.0007336881904180001
2019-05-21,-0.0046115898746888805
2019-05-22,-0.004943126491073761
2019-05-23,-0.0006143422642008801
2019-05-24,-0.00335072131987576
2019-05-28,0.00021858015959712004
2019-05-29,-0.0012236908224951201
2019-05-30,0.0036844796977228
2019-05-31,0.00026972667734264
2019-06-03,-0.0027730082862672
2019-06-04,0.00024691425413816
2019-06-05,0.0025104970455621604
2019-06-06,0.00237535600494672
2019-06-07,0.00255577122015368
2019-06-10,0.00437884105245048
2019-06-11,0.00066823239615736
2019-06-12,4.1546664141119987e-05
2019-06-13,0.0023852468983250404
2019-06-14,-0.0005803297599752
2019-06-17,-0.00284465919053192
2019-06-18,0.0035233212973876803
2019-06-19,0.00369218860600904
2019-06-20,0.00247058815281664
2019-06-21,-0.0015401734956277601
2019-06-24,-0.0005967572114220801
2019-06-25,-0.005219224785325121
2019-06-26,-0.00023880042282232002
2019-06-27,-0.00020642859562343998
2019-06-28,0.0011784876805495201
2019-07-01,0.00616792906878728
2019-07-02,0.00083411258401088
2019-07-03,0.0037638077945403203
2019-07-05,-0.0005531418191220801
2019-07-08,-0.0025192368349613603
2019-07-09,0.0020561070226272804
2019-07-10,0.0022316041940914403
2019-07-11,0.00106665305000936
2019-07-12,0.0019939937058056
2019-07-15,-8.913323049497997e-05
2019-07-16,-0.00217235586202104
2019-07-17,-0.00228952638249768
2019-07-18,0.00095869048015496
2019-07-19,-0.0017441840955303202
2019-07-22,0.0020733303753910403
2019-07-23,0.0035546954833349602
2019-07-24,0.0035252673606283205
2019-07-25,-0.0021229304114196
2019-07-26,0.00431459786332488
2019-07-29,0.001194854898282
2019-07-30,-0.0011489086608553602
2019-07-31,-0.00401471491968968
2019-08-01,0.00122456970446144
2019-08-02,-0.0012435463398576
2019-08-05,-0.00506955723533472
2019-08-06,0.0028027921623365606
2019-08-07,0.001552429307496
2019-08-08,-0.00012423275816074016
2019-08-09,0.00395893846703136
2019-08-12,-0.00066069400195256
2019-08-13,0.0045262984093164
2019-08-14,-0.00098203486025592
2019-08-15,0.0006820378955964
2019-08-16,0.00141541976132344
2019-08-19,-0.00277557730792032
2019-08-20,-0.00419829318583016
2019-08-21,0.00060359875369728
2019-08-22,-0.00022680912709608004
2019-08-23,0.00091110935826256
2019-08-26,-1.6524436654639997e-05
2019-08-27,-0.00222544285992616
2019-08-28,0.0030125532668458404
2019-08-29,0.00405947737525248
2019-08-30,-0.0010465017902249601
2019-09-03,0.0019600902827946404
2019-09-04,0.00548648478170624
2019-09-05,0.00391742266461456
2019-09-06,-0.00010120056654432
2019-09-09,-0.005427164992574081
2019-09-10,-0.00345835931978512
2019-09-11,0.0024548178665893604
2019-09-12,0.00443765679733064
2019-09-13,-0.00118357888394872
2019-09-16,-0.0020907086504267196
2019-09-17,0.0025191034581502404
2019-09-18,0.00059440427134352
2019-09-19,-5.97375900664e-05
2019-09-20,-0.00196921773753856
2019-09-23,0.00107881612434712
2019-09-24,-0.0006103181382451201
2019-09-25,0.00072209692188536
2019-09-26,0.0015107769794732
2019-09-27,0.00037845983109872
2019-09-30,0.00137494494509496
2019-10-01,0.0013855319103224801
2019-10-02,-0.0022511965983342402
2019-10-03,0.0029792721883188803
2019-10-04,-0.00101749363867392
2019-10-07,0.00113627997999392
2019-10-08,-0.0022299943626008
2019-10-09,0.00158726411519712
2019-10-10,0.00029425162595104006
2019-10-11,0.00091882055926016
2019-10-14,-0.0021193027288158397
2019-10-15,0.0050468154801026404
2019-10-16,-0.00023143133655408
2019-10-17,0.0027777548144616803
2019-10-18,-0.00147001931725856
2019-10-21,0.00060347834541856
2019-10-22,-0.00220962052658784
2019-10-23,0.0024008549974092004
2019-10-24,0.0023444361377983206
2019-10-25,0.0036728158840986405
2019-10-28,-0.0006763466128918401
2019-10-29,-0.0024010516543771197
2019-10-30,0.00099035250296576
2019-10-31,0.00213320572658728
2019-11-01,0.00496367029560888
2019-11-04,0.0034614606436531204
2019-11-05,0.0016920481878250403
2019-11-06,0.00066973289353488
2019-11-07,0.00179325575711872
2019-11-08,0.00110019481650296
2019-11-11,-0.00314887756981992
2019-11-12,0.00026874023530176007
2019-11-13,-0.00329019311228576
2019-11-14,0.000152670030232
2019-11-15,0.0023683210714548005
2019-11-18,0.00179114427457568
2019-11-19,0.0017481189134036
2019-11-20,0.00123934287403416
2019-11-21,0.00146476635594616
2019-11-22,-0.00091829175600128
2019-11-25,0.00173412054614976
2019-11-26,-0.00041946350368552
2019-11-27,-9.03745164350601e-05
2019-11-29,-0.0029580531844904
2019-12-02,-0.00571105133337736
2019-12-03,-0.00184671457409496
2019-12-04,0.00107175443057216
2019-12-05,0.00074190569322888
2019-12-06,0.00412064587201952
2019-12-09,-0.004168095284056081
2019-12-10,0.0020178193806244
2019-12-11,0.00049605580828824
2019-12-12,0.0058910555903976805
2019-12-13,-0.0015930165632553602
2019-12-16,0.0038392130669111205
2019-12-17,-0.00014943142359023992
2019-12-18,-6.739956573526001e-05
2019-12-19,0.00123666423034984
2019-12-20,0.00508547263350232
2019-12-23,0.0020089969914968003
2019-12-24,-0.0006850421323692001
2019-12-26,0.0029440005483870406
2019-12-27,0.0005308532417468
2019-12-30,-0.0037227702739088
2019-12-31,-0.00023168320900160004
2020-01-02,0.00340102137725912
2020-01-03,-0.00041654292456568004
2020-01-06,0.0030628174214768805
2020-01-07,-0.00355362749368672
2020-01-08,0.00184824244493136
2020-01-09,0.00136956295940592
2020-01-10,-0.0014273270168394402
2020-01-13,0.00367629908818496
2020-01-14,-3.557275803818e-05
2020-01-15,-0.0014933572643861602
2020-01-16,0.0030448446000912806
2020-01-17,0.0022480687473503203
2020-01-21,-0.0013490698920800002
2020-01-22,-0.003264586878174
2020-01-23,-0.0014900051615048002
2020-01-24,0.0008340509916160801
2020-01-27,-0.007054195966597201
2020-01-28,0.0050778684784408
2020-01-29,-0.00023734973530696
2020-01-30,0.0035615769787054404
2020-01-31,-0.00408892640893704
2020-02-03,0.00624333160023856
2020-02-04,0.0072308559609152
2020-02-05,0.0019325502852950399
2020-02-06,0.0027482871519515207
2020-02-07,-0.00054696104166672
2020-02-10,0.00333226222821824
2020-02-11,0.00129383005724016
2020-02-12,0.0046755448033384
2020-02-13,0.00311707704937768
2020-02-14,6.399826784016001e-05
2020-02-18,0.0020674448194449606
2020-02-19,0.0027035262516357603
2020-02-20,-0.0001484193206737999
2020-02-21,-0.0018544697940718403
2020-02-24,-0.0015825907529688
2020-02-25,-0.00292077991846712
2020-02-26,0.00022351404358176002
2020-02-27,-0.0073646246333700805
2020-02-28,-0.00274845148757144
2020-03-02,0.010014506193627681
2020-03-03,0.00066046976593888
2020-03-04,0.00489091218764528
2020-03-05,-0.00376208248124384
2020-03-06,0.0039773118402428
2020-03-09,0.00082087117042832
2020-03-10,0.00037783542649024
2020-03-11,-0.00013347919500745998
2020-03-12,-0.00784798319663136
2020-03-13,0.0016341821311651203
2020-03-16,-0.004805977316069121
2020-03-17,0.0051526979519591195
2020-03-18,-0.0013323123524608001
2020-03-19,-0.0023161435865991196
2020-03-20,-0.0005133129941068801
2020-03-23,0.0029805291653820804
2020-03-24,-0.002595999898266
2020-03-25,-0.0064361290589377606
2020-03-26,5.274895261048002e-05
2020-03-27,0.0036554322780304803
2020-03-30,0.00526048925693576
2020-03-31,0.0035530507404420006
2020-04-01,-0.00029514489630728003
2020-04-02,0.0022337526656775204
2020-04-03,-0.0010981214210179203
2020-04-06,0.00160901168705824
2020-04-07,-0.00038462689910696
2020-04-08,0.011971854547780882
2020-04-09,0.00449959560221344
2020-04-13,0.0025194836554279206
2020-04-14,0.01690381273633032
2020-04-15,-0.005334564130172721
2020-04-16,0.00943219481778088
2020-04-17,0.00506563563277904
2020-04-20,-0.0034801872202234398
2020-04-21,-0.01093001626656048
2020-04-22,0.012241444185770481
2020-04-23,-0.0012895770591303203
2020-04-24,0.0037165137207117605
2020-04-27,0.00659966444856776
2020-04-28,-0.00452477943761056
2020-04-29,0.00493103516979536
2020-04-30,-0.0033233743371028
2020-05-01,-0.01166182760449632
2020-05-04,0.00411193343284352
2020-05-05,0.00428970692625328
2020-05-06,-0.0015518358483460801
2020-05-07,0.00474024106580056
2020-05-08,0.0042575475107313595
2020-05-11,0.0040735540723824005
2020-05-12,-0.00601379607123816
2020-05-13,-0.00263749869076576
2020-05-14,0.0032217226508992804
2020-05-15,0.00032763725558840003
2020-05-18,0.007368253474535599
2020-05-19,-0.00279454269731296
2020-05-20,0.00576466547689768
2020-05-21,-0.00256485975354176
2020-05-22,0.00119516865273944
2020-05-26,0.0008985089166607199
2020-05-27,0.0039073206479868
2020-05-28,0.0010895172340596
2020-05-29,0.003977286983621519
2020-06-01,0.004122851925242
2020-06-02,0.0022397887067309606
2020-06-03,0.00342332429538784
2020-06-04,-0.004174856931142321
2020-06-05,0.00524089496690304
2020-06-08,0.0042014075220652
2020-06-09,-0.0013868442191094402
2020-06-10,0.0019531637353544006
2020-06-11,-0.020103174209384882
2020-06-12,0.00402737595617544
2020-06-15,0.00540838643929608
2020-06-16,0.0066346173150508
2020-06-17,0.00242366514891904
2020-06-18,0.00185512230380256
2020-06-19,-0.00044397242612144
2020-06-22,0.0026317661130743205
2020-06-23,0.0027857077383756004
2020-06-24,-0.00259681319043512
2020-06-25,0.0028457173799812004
2020-06-26,3.085217020328e-05
2020-06-29,0.00538987897895576
2020-06-30,0.00018739417030920003
2020-07-01,-0.00186213030371544
2020-07-02,0.0055143860636504
2020-07-06,0.0019006681003455202
2020-07-07,-0.00042539025940848
2020-07-08,0.0004761664486719201
2020-07-09,-0.0011296266448676802
2020-07-10,0.0020794416890898403
2020-07-13,-0.00189327598593424
2020-07-14,0.0057763460641451205
2020-07-15,0.0030797836967144
2020-07-16,0.00022397291264808
2020-07-17,-0.00020621216138344003
2020-07-20,0.00327322946078616
2020-07-21,-0.00340117309695592
2020-07-22,0.00417097163766304
2020-07-23,-0.004859466704172081
2020-07-24,-0.00171791927535152
2020-07-27,0.00520905051774384
2020-07-28,-0.0006184166035599201
2020-07-29,0.00626099273459376
2020-07-30,0.0008666928616088
2020-07-31,0.00058024814781632
2020-08-03,0.0028137110450202406
2020-08-04,0.0026929171067776804
2020-08-05,0.00357755288502896
2020-08-06,0.002476175865042
2020-08-07,-0.00011752011443724003
2020-08-10,0.0006378239232126399
2020-08-11,-0.0007549893153532001
2020-08-12,0.00809531140905736
2020-08-13,0.00162909215501064
2020-08-14,-0.00260986718572024
2020-08-17,0.00111927920273736
2020-08-18,0.00024086441540008003
2020-08-19,0.00150008137849912
2020-08-20,-0.00024487690690808004
2020-08-21,0.0028128581514096805
2020-08-24,0.00215762972563528
2020-08-25,0.0028585562457250405
2020-08-26,0.0068557381583484
2020-08-27,0.0014282943744752
2020-08-28,0.0027707488887990404
2020-08-31,0.00181792881121136
2020-09-01,0.00544769130155688
2020-09-02,0.00589462445268664
2020-09-03,-0.01560507034887896
2020-09-04,-0.0023208305704475202
2020-09-08,-0.012245133148469681
2020-09-09,0.01093645385805504
2020-09-10,-0.00277883703371488
2020-09-11,-0.00219566759484552
2020-09-14,0.00458510351298512
2020-09-15,0.00413703621261168
2020-09-16,-0.0040368191762492
2020-09-17,-0.0035068638952231203
2020-09-18,0.000380646687074
2020-09-21,0.00077355262340952
2020-09-22,0.0028972168202887204
2020-09-23,-0.00245533537437944
2020-09-24,0.00405915808261624
2020-09-25,0.0025127553957020004
2020-09-28,1.0239508413600141e-06
2020-09-29,-0.00242574571023328
2020-09-30,0.0026478415938419203
2020-10-01,0.00097554816347224
2020-10-02,-0.0017914617894533602
2020-10-05,0.006883007454453601
2020-10-06,-0.0048598700709388005
2020-10-07,0.007543123965506
2020-10-08,0.00095249767254936
2020-10-09,0.00132073832884248
2020-10-12,0.0049274476782384
2020-10-13,0.00017810724339848002
2020-10-14,-0.00238629957919712
2020-10-15,-0.0009290874266200001
2020-10-16,0.0012909074840792001
2020-10-19,-0.00437914127222808
2020-10-20,-0.00014845093411587987
2020-10-21,-0.0012118370279731202
2020-10-22,0.0027866662813210404
2020-10-23,0.00253115659390392
2020-10-26,-0.00525372842787392
2020-10-27,-0.00275322762851744
2020-10-28,-0.004479634491495521
2020-10-29,0.004502774188171839
2020-10-30,0.0017878051115694398
2020-11-02,0.00125763628974176
2020-11-03,-0.0009994158891624002
2020-11-04,-0.003933107891733681
2020-11-05,0.00903506020821176
2020-11-06,0.0006321193474792
2020-11-09,0.008131388724119922
2020-11-10,-0.00203202216410928
2020-11-11,0.0027818953279226404
2020-11-12,-0.0041992792950119205
2020-11-13,0.0035345426332500005
2020-11-16,0.00548356146208728
2020-11-17,-0.0031250109543795998
2020-11-18,-0.0038229954436290402
2020-11-19,0.0009031893159083199
2020-11-20,-0.00407317139929496
2020-11-23,0.00240977485495576
2020-11-24,0.007844193832079361
2020-11-25,-0.0007097978643354401
2020-11-27,-0.0006938700329486401
2020-11-30,-0.0011308989646614401
2020-12-01,0.0058173625100830404
2020-12-02,-0.00047942203960216
2020-12-03,-0.00347581548794256
2020-12-04,0.00572798751484072
2020-12-07,0.00025091057065864
2020-12-08,0.00045846939133711997
2020-12-09,-0.00256822799157936
2020-12-10,8.948170321408e-05
2020-12-11,-0.00121341620367488
2020-12-14,-0.00190793067258328
2020-12-15,0.0035184512217512
2020-12-16,0.00070406125299
2020-12-17,0.0027303610849772003
2020-12-18,0.001243500743558
2020-12-21,-0.0022247571393224
2020-12-22,0.0020644332040705604
2020-12-23,0.00048514604250064
2020-12-24,-0.0019584532382339198
2020-12-28,0.00180465333965936
2020-12-29,0.00022122935501960001
2020-12-30,0.00465271491899896
2020-12-31,0.0033542831972548
2021-01-04,-0.0053906008109109605
2021-01-05,0.00729783285570968
2021-01-06,0.0052745221761064
2021-01-07,0.00644229437377776
2021-01-08,0.00136173432127672
2021-01-11,0.0023482955602402403
2021-01-12,0.0042011670175296
2021-01-13,0.00163956261783032
2021-01-14,-0.0003897906948244
2021-01-15,-0.0038174407156208803
2021-01-19,0.0022273923440243202
2021-01-20,0.0019263404984773602
2021-01-21,0.00129898327637152
2021-01-22,0.0018567862979263201
2021-01-25,-0.00018338627387968
2021-01-26,-0.0021691391964556
2021-01-27,-0.00717473942171432
2021-01-28,-0.000285090584468
2021-01-29,-0.0037982198341315197
2021-02-01,0.0017323137810268
2021-02-02,0.00803887425214648
2021-02-03,2.100304982559996e-06
2021-02-04,0.00036724160780408005
2021-02-05,-0.00023435043573968
2021-02-08,0.00183093000305032
2021-02-09,-0.0018968914448508002
2021-02-10,-0.0018856410012576801
2021-02-11,-0.00018187633541703999
2021-02-12,0.00401047925279784
2021-02-16,0.0017274523882920801
2021-02-17,-0.00156851544504544
2021-02-18,-0.00084877692659816
2021-02-19,0.0028234557088428003
2021-02-22,0.0036007964678606403
2021-02-23,0.0022307960383387204
2021-02-24,0.00852947434155472
2021-02-25,-0.00902907020963672
2021-02-26,-0.00187824029414944
2021-03-01,0.00730157482203232
2021-03-02,-0.00477377413890696
2021-03-03,-0.0026474510523555998
2021-03-04,0.00062413808433128
2021-03-05,0.00914501744865088
2021-03-08,-0.0006891803314827201
2021-03-09,0.0017379896896211199
2021-03-10,0.00416952323352312
2021-03-11,0.0024292352873648802
2021-03-12,0.00033891257408616004
2021-03-15,0.0010915021916368
2021-03-16,-0.00218556903798376
2021-03-17,0.00194843121397136
2021-03-18,-0.00642259019445776
2021-03-19,-0.0008142775684883201
2021-03-22,0.0023847081034685607
2021-03-23,-0.005530759200514001
2021-03-24,0.0022486235915938403
2021-03-25,0.00397026382997512
2021-03-26,0.0091635314253428
2021-03-29,-0.0015385094540576
2021-03-30,0.0004676374188983201
2021-03-31,0.00126506336131816
2021-04-01,0.00642148463402792
2021-04-05,0.00127674206614488
2021-04-06,-0.00088316774503944
2021-04-07,0.0022278094456982403
2021-04-08,0.00132579769287656
2021-04-09,0.0025026812359062404
2021-04-12,-9.090793226072003e-05
2021-04-13,0.0023457115763480803
2021-04-14,0.00173283185209104
2021-04-15,0.00373712233405632
2021-04-16,0.0033254207867824803
2021-04-19,-0.00440280380955584
2021-04-20,-0.00509095050193776
2021-04-21,0.00577930522316
2021-04-22,-0.00205718694855096
2021-04-23,0.0028389139536695203
2021-04-26,0.00181070757356
2021-04-27,0.000537624824596
2021-04-28,0.0023993736289092
2021-04-29,0.00174709644417808
2021-04-30,-0.00440434433376848
2021-05-03,0.0028401122568558405
2021-05-04,0.00060902292923296
2021-05-05,0.00057645574307024
2021-05-06,0.0033843587006568807
2021-05-07,0.0039204951229848
2021-05-10,0.0002439463720972
2021-05-11,-0.00377482484522344
2021-05-12,-0.00705516182522544
2021-05-13,0.0006077743087950399
2021-05-14,0.0024876296280872804
2021-05-17,0.0006938464854404799
2021-05-18,-0.004811980733738961
2021-05-19,0.001309033270072
2021-05-20,0.00533849395725248
2021-05-21,0.0023134603668076804
2021-05-24,0.00301988522270144
2021-05-25,-0.0007114105690729601
2021-05-26,0.0018550554024516
2021-05-27,0.0009596632779888799
2021-05-28,0.0032880059793108803
2021-06-01,0.00068460389612864
2021-06-02,0.0019309707074916
2021-06-03,0.00038684474711216
2021-06-04,0.0021935515323452002
2021-06-07,0.0005387973797911199
2021-06-08,-0.00335092757227232
2021-06-09,-0.00347691748742504
2021-06-10,-0.00062122400608408
2021-06-11,-0.00335265928641864
2021-06-14,0.00250374690713072
2021-06-15,0.0013064524740284
2021-06-16,-0.00331613834077632
2021-06-17,0.00112121266944184
2021-06-18,-0.0021430297573871997
2021-06-21,0.008073687916352561
2021-06-22,-0.0028897854702280797
2021-06-23,-0.00144159300561176
2021-06-24,0.00564910005232896
2021-06-25,0.0029449341309884802
2021-06-28,-0.0005934274930640801
2021-06-29,0.0016019273064119999
2021-06-30,-0.0001423821284500598
2021-07-01,0.00203567678730568
2021-07-02,0.00094761665526768
2021-07-06,0.001806817690456
2021-07-07,0.0015323088340922402
2021-07-08,-0.00218654749601896
2021-07-09,0.004493704234852
2021-07-12,-0.00041549775948160003
2021-07-13,0.00021785216085368003
2021-07-14,0.00032396201203128
2021-07-15,-0.0013429766178745602
2021-07-16,-0.0028404189275313602
2021-07-19,-0.00367727492330424
2021-07-20,0.007134565835160239
2021-07-21,0.0037562034255102404
2021-07-22,0.0039017553729751206
2021-07-23,0.0038256773918868
2021-07-26,0.0036866097514942405
2021-07-27,-0.0020340079740036
2021-07-28,-0.0026472515563340797
2021-07-29,-0.00030403913991056
2021-07-30,0.0029029477511829604
2021-08-02,0.0003622744800376
2021-08-03,0.00680050230642128
2021-08-04,-3.095661019879994e-05
2021-08-05,0.00125547833598936
2021-08-06,0.0022539656894888004
2021-08-09,0.00023820136132440004
2021-08-10,-0.00112588892527624
2021-08-11,0.00145939344850888
2021-08-12,8.049800149679997e-06
2021-08-13,0.00174582787002744
2021-08-16,0.00159187910249656
2021-08-17,-0.0030095371473467998
2021-08-18,-0.00400435499467264
2021-08-19,-0.00047904183787288
2021-08-20,0.0039014202580686407
2021-08-23,-9.304904148143998e-05
2021-08-24,-0.00107114084609392
2021-08-25,-7.481977803856007e-05
2021-08-26,-0.0025669619115372797
2021-08-27,-6.839679017859999e-05
2021-08-30,0.0022306158784338405
2021-08-31,-0.00059694954626472
2021-09-01,-0.00086553769903704
2021-09-02,0.00133454752409416
2021-09-03,1.5355711066560008e-05
2021-09-07,-0.00213905964441904
2021-09-08,-0.000145180545496
2021-09-09,-0.0036664447203583997
2021-09-10,-0.0008426860335017601
2021-09-13,-0.00100218165413784
2021-09-14,-0.0020427808210140798
2021-09-15,0.0059736645599776
2021-09-16,0.0026199749603648
2021-09-17,-0.0039524652104208
2021-09-20,-0.001368705432708
2021-09-21,0.00074157968502424
2021-09-22,0.0035820091261962407
2021-09-23,-0.0030270166568521603
2021-09-24,0.0035418415442429606
2021-09-27,-0.00209658049203168
2021-09-28,-0.005756144552069201
2021-09-29,0.00052809705135832
2021-09-30,0.00126575066763592
2021-10-01,0.0025951983847047203
2021-10-04,-0.00227063143472928
2021-10-05,0.00069201782565
2021-10-06,0.0010514694477850401
2021-10-07,0.00081894774189032
2021-10-08,0.00120228951956752
2021-10-11,-0.00273651198208992
2021-10-12,-0.00031956003485608
2021-10-13,0.00027181865031408004
2021-10-14,0.0031293267053725603
2021-10-15,0.0036576818216084803
2021-10-18,0.0022320700105871202
2021-10-19,0.0021670321903611203
2021-10-20,0.00495191338962752
2021-10-21,0.0019463440903564001
2021-10-22,0.00640665902785432
2021-10-25,0.0031967332735445605
2021-10-26,0.0004661951531612
2021-10-27,-0.00137493133207168
2021-10-28,0.0037142894722211202
2021-10-29,0.00015557082568080005
2021-11-01,0.00022143105860624005
2021-11-02,0.00136985406200736
2021-11-03,0.0023645118635411203
2021-11-04,0.00621570748828
2021-11-05,-0.0009481516665804001
2021-11-08,0.0034011131419004
2021-11-09,-0.0008447271824512801
2021-11-10,-0.00431107460684168
2021-11-11,0.00081631740749072
2021-11-12,0.00446383163931064
2021-11-15,-0.00217796798415928
2021-11-16,0.0025919908227354403
2021-11-17,-0.0031518465737172
2021-11-18,0.0038644726812027204
2021-11-19,-0.0001489243659039
2021-11-22,-0.00175645131895288
2021-11-23,0.0019102245460519997
2021-11-24,0.0011328446169696
2021-11-26,-0.0015194559465732
2021-11-29,0.00719586112603072
2021-11-30,0.00083270267237368
2021-12-01,-0.00663921366025424
2021-12-02,0.0007813720650104001
2021-12-03,-0.00043690378300536003
2021-12-06,0.0009678981875585599
2021-12-07,0.00498362939230488
2021-12-08,-0.0011567688431524
2021-12-09,-0.00113705810975336
2021-12-10,0.0080831955647072
2021-12-13,0.0004229238406356
2021-12-14,0.0006309699344072
2021-12-15,0.008279012509604161
2021-12-16,-0.0021978508032702397
2021-12-17,0.00020245975565584003
2021-12-20,-4.7372878865820004e-05
2021-12-21,0.00136934163596312
2021-12-22,0.00428627496992992
2021-12-23,0.00476871977884424
2021-12-27,0.0075465977607189596
2021-12-28,-0.0008081393237278401
2021-12-29,0.00063451008606056
2021-12-30,-0.00277430587780992
2021-12-31,0.0017745882940091201
2022-01-03,-0.0007995241405466401
2022-01-04,0.00091489697518232
2022-01-05,-0.00589957467111416
2022-01-06,0.00094323437798888
2022-01-07,-0.00212595617467968
2022-01-10,-0.0018564023479137601
2022-01-11,0.004596251255312
2022-01-12,0.00178791350809464
2022-01-13,-0.00061665877499656
2022-01-14,0.00712255886929024
2022-01-18,0.0008144088062107199
2022-01-19,-0.0013625684398518403
2022-01-20,-0.0034321057724264804
2022-01-21,0.0034437911995046405
2022-01-24,-0.00281501483205856
2022-01-25,0.0022888163925976804
2022-01-26,-0.00042517235242952
2022-01-27,-0.007431292319243361
2022-01-28,0.0026286130483869604
2022-01-31,0.001092599143142
2022-02-01,0.00030989835228056
2022-02-02,0.0023411001687771204
2022-02-03,-0.00293669265094432
2022-02-04,-0.0006381245747972801
2022-02-07,-0.0022420870097576797
2022-02-08,0.0025581177822592
2022-02-09,-6.467843426679991e-05
2022-02-10,-0.0016822040712708
2022-02-11,0.0008557658105387201
2022-02-14,0.00046225868980112004
2022-02-15,0.00690015057535376
2022-02-16,-0.000402375884534
2022-02-17,6.54569023204e-05
2022-02-18,-0.0032392994047231996
2022-02-22,-0.0008473423651666402
2022-02-23,-0.0009640056211898401
2022-02-24,-0.004068860120485441
2022-02-25,0.00757715000623912
2022-02-28,-0.0005936971761413601
2022-03-01,-0.004536978090421521
2022-03-02,0.0017489020829794403
2022-03-03,0.00168593708126152
2022-03-04,-0.0016173868002217601
2022-03-07,-0.00330190711245672
2022-03-08,-0.00500494816377144
2022-03-09,0.0036482869956497603
2022-03-10,0.0035786552256488
2022-03-11,0.00101009637594056
2022-03-14,-0.0016250491200346402
2022-03-15,-0.00236968768267136
2022-03-16,-0.00307251742499528
2022-03-17,0.00056762974434112
2022-03-18,0.0034498936672981606
2022-03-21,0.0058024710014516
2022-03-22,0.0023127213821183203
2022-03-23,-0.0017304096424388003
2022-03-24,0.0036644354648328005
2022-03-25,0.0031783237205264803
2022-03-28,0.00175846665555784
2022-03-29,0.00112090436614104
2022-03-30,0.0003145457885512
2022-03-31,-0.0041280489407238405
2022-04-01,0.0028509936141469603
2022-04-04,-0.0007120307165836001
2022-04-05,-0.0053492672571696
2022-04-06,0.00130808003209544
2022-04-07,0.00615911995428312
2022-04-08,0.0034861361890486404
2022-04-11,-0.0059197557768764005
2022-04-12,-0.0018985847616012801
2022-04-13,0.0018717313377067202
2022-04-14,-0.00052004821486392
2022-04-18,0.0025000139623520003
2022-04-19,0.0021086681314536
2022-04-20,0.00405089680111368
2022-04-21,7.795654427224001e-05
2022-04-22,0.00013131322580928
2022-04-25,-0.00216604831459248
2022-04-26,-0.00266793288208384
2022-04-27,-0.0007551519416254401
2022-04-28,-0.00158547156659704
2022-04-29,0.0034281650211595203
2022-05-02,0.0008375236016675999
2022-05-03,-0.00231008424299256
2022-05-04,-0.00135425576663936
2022-05-05,-0.0005887542467084001
2022-05-06,0.00177771418753848
2022-05-09,-0.0024904230748883202
2022-05-10,-0.000364387415594
2022-05-11,0.0009559475053674401
2022-05-12,-0.00239271321964928
2022-05-13,0.00516887487352144
2022-05-16,0.0027395345700522403
2022-05-17,0.0013155723240888802
2022-05-18,-0.00250157652189208
2022-05-19,-0.00452214753966528
2022-05-20,0.00760744785039912
2022-05-23,0.00014947470599832005
2022-05-24,0.00070709145805704
2022-05-25,-0.00212670538637816
2022-05-26,-0.00217787079654648
2022-05-27,0.0037500427607428002
2022-05-31,-0.00035699785741136
2022-06-01,0.00100256105189096
2022-06-02,-0.00625514402509456
2022-06-03,-0.0017421288773150402
2022-06-06,0.00111308402638672
2022-06-07,0.00555616745421296
2022-06-08,-0.0005973067899387202
2022-06-09,0.1525013925450081
2022-06-10,-0.0019358760198053
2022-06-13,-0.0034853670048534996
2022-06-14,-0.00028494935065585
2022-06-15,0.0025259901534258502
2022-06-16,-0.0009160268814069001
2022-06-17,0.00135594558920405
2022-06-21,0.00222260415450035
2022-06-22,-0.00093779608406265
2022-06-23,-0.0032879377679914
2022-06-24,0.004132876974338
2022-06-27,-0.0023321318466319498
2022-06-28,-0.0017916881790576
2022-06-29,-0.00142755840966305
2022-06-30,-0.0008572255636579001
2022-07-01,-0.0024993719208397497
2022-07-05,-0.0007850332057720501
2022-07-06,-0.00199950082889915
2022-07-07,0.0028091086577675
2022-07-08,-0.00065239907687345
2022-07-11,-0.0034799346951811
2022-07-12,0.00162084292084175
2022-07-13,-0.0006878654896987001
2022-07-14,-0.00168713292910385
2022-07-15,0.0043836615773141
2022-07-18,-0.0015128163860069
2022-07-19,0.00585821036043595
2022-07-20,-0.00169128216690895
2022-07-21,0.0004981597717686
2022-07-22,-0.0012835266460241
2022-07-25,0.0033804265248896003
2022-07-26,-0.00033057941764035
2022-07-27,0.0027211510507361
2022-07-28,0.0031883725510168503
2022-07-29,0.00216391917071925
2022-08-01,-0.0012939675363696501
2022-08-02,-0.0011430095091389501
2022-08-03,0.0017354237752763499
2022-08-04,-0.0009921175731744
2022-08-05,-0.0001726983514014
2022-08-08,0.0005331172424625
2022-08-09,0.0008074539690618999
2022-08-10,0.0030115153834966
2022-08-11,-0.0012336974764931001
2022-08-12,0.0020550809156509
2022-08-15,0.001114798039034
2022-08-16,-0.00164722471754305
2022-08-17,-0.00057402641962625
2022-08-18,0.00109922615262315
2022-08-19,-0.00344133550816395
2022-08-22,-0.0044711004315688505
2022-08-23,0.00027210341180285
2022-08-24,0.0015035414536393
2022-08-25,0.00249152456624475
2022-08-26,-0.0013380963306576501
2022-08-29,-0.00132267900005595
2022-08-30,-0.00141511122373315
2022-08-31,-0.00130045071252635
2022-09-01,-0.0005723678475194
2022-09-02,-0.0006054385211163501
2022-09-06,-0.00188288998065635
2022-09-07,0.0023208599568838406
2022-09-08,-0.0008011872144540801
2022-09-09,0.00210392631486728
2022-09-12,0.0030711363089837604
2022-09-13,-0.003998643754726801
2022-09-14,0.00172636057069288
2022-09-15,-0.0012240684875170402
2022-09-16,0.00139000961673304
2022-09-19,-0.00035828314379264
2022-09-20,-0.0037720010699204
2022-09-21,-0.00169537577991416
2022-09-22,-0.00020181062883032003
2022-09-23,-0.0050549963982158405
2022-09-26,-0.00345391120006208
2022-09-27,-0.0017158964173358399
2022-09-28,0.0041317049271679205
2022-09-29,-0.0025064881288184002
2022-09-30,-0.0006423678342770401
2022-10-03,0.0045353218008716
2022-10-04,0.0008395878761845601
2022-10-05,0.0031360073797917607
2022-10-06,-0.00208829927982968
2022-10-07,0.0036685579318691207
2022-10-10,0.0032045743603756004
2022-10-11,0.00150628427413928
2022-10-12,-0.0009256711026252001
2022-10-13,0.004883381823114641
2022-10-14,-0.00127199990014856
2022-10-17,0.0013402572444371201
2022-10-18,-0.0022967502082923198
2022-10-19,-0.001239385498068
2022-10-20,0.00070806341806432
2022-10-21,0.00690224576534224
2022-10-24,0.00478866733955496
2022-10-25,0.00558605192645888
2022-10-26,0.00280472270568816
2022-10-27,-9.484819287367994e-05
2022-10-28,0.009178187190682481
2022-10-31,-0.004226408605832961
2022-11-01,0.0027599957618778402
2022-11-02,-0.00484427139980032
2022-11-03,0.00172694465854992
2022-11-04,0.00306090699945312
2022-11-07,0.0027462090858894404
2022-11-08,-0.00021959114830880002
2022-11-09,-0.0037698737076975997
2022-11-10,0.012551452489980321
2022-11-11,0.00039352487559392004
2022-11-14,-0.0008384879654760801
2022-11-15,0.0044659428610696
2022-11-16,-0.0028284995050848
2022-11-17,0.00055007744395736
2022-11-18,0.00214345076677024
2022-11-21,-0.00211798901335112
2022-11-22,0.0032843681859039205
2022-11-23,0.0011141047554649602
2022-11-25,8.813934379840006e-06
2022-11-28,-0.0053705548468273604
2022-11-29,0.00098018880234464
2022-11-30,0.00629756413776776
2022-12-01,0.00060301567114712
2022-12-02,0.0012287259554070401
2022-12-05,-0.004790024801609041
2022-12-06,-0.0050470261155223205
2022-12-07,0.00061483750086376
2022-12-08,0.003888885933414721
2022-12-09,-0.00287754472393216
2022-12-12,0.0032549826740075204
2022-12-13,0.0037970455173190402
2022-12-14,0.00324407590868272
2022-12-15,-0.006260786382002561
2022-12-16,-0.0020239207091878398
2022-12-19,-0.0007255421069960001
2022-12-20,-0.00155956254574424
2022-12-21,0.0036249728143128
2022-12-22,-0.0038662503579048
2022-12-23,3.3990529940079996e-05
2022-12-27,0.00082739995354048
2022-12-28,-0.0033782583098470403
2022-12-29,-0.0013390485681008802
2022-12-30,0.00176173457953088
2023-01-03,0.0048841905740848795
2023-01-04,0.0004995711399856
2023-01-05,0.0034393394599288806
2023-01-06,0.00758040985787016
2023-01-09,-0.00023868996622224
2023-01-10,0.0035242342417656
2023-01-11,0.0011478931942035201
2023-01-12,0.00324904530015224
2023-01-13,0.00135306493020552
2023-01-17,0.00034148668449656
2023-01-18,-0.00777226383923184
2023-01-19,-0.0010009253522218402
2023-01-20,0.007012141685665441
2023-01-23,0.00487300842124688
2023-01-24,-0.0006350948538939201
2023-01-25,-0.0008629415034258401
2023-01-26,0.003966397045652799
2023-01-27,0.0030561418366499204
2023-01-30,-0.005611729394918161
2023-01-31,0.00704283055338896
2023-02-01,0.00784880897710408
2023-02-02,0.0025582826708244804
2023-02-03,-0.0009466910015596801
2023-02-06,-0.00198044306916112
2023-02-07,0.00322131940245696
2023-02-08,-0.004135392982925441
2023-02-09,-0.0026644599703001598
2023-02-10,-0.0003068174184048
2023-02-13,0.00611488849057936
2023-02-14,-0.0025437861934132
2023-02-15,0.00146580853648216
2023-02-16,-0.00382936676043992
2023-02-17,0.0008390877893036
2023-02-21,-0.00183485340801776
2023-02-22,7.722921890656e-05
2023-02-23,0.00604896839404104
2023-02-24,-0.00217762403177448
2023-02-27,-0.00028659762114520003
2023-02-28,0.0010772342166121601
2023-03-01,0.00098192537253704
2023-03-02,-0.0028755278818468
2023-03-03,0.00117896693966744
2023-03-06,0.00027645442763072004
2023-03-07,0.0014113590069376
2023-03-08,-0.0009057551342304801
2023-03-09,-0.00318854376044512
2023-03-10,0.0017329266586324802
2023-03-13,0.00134687779818152
2023-03-14,0.00466172470653112
2023-03-15,-0.00269662072187456
2023-03-16,0.00469974610933296
2023-03-17,-0.00051541173081008
2023-03-20,0.00053960587510304
2023-03-21,0.00644381967857504
2023-03-22,-7.934490768409997e-05
2023-03-23,0.0046373232460168
2023-03-24,0.0037701886069212804
2023-03-27,-0.0012726102763000802
2023-03-28,-0.00428605324830232
2023-03-29,0.00490061791856784
2023-03-30,0.00130683004390184
2023-03-31,0.0036987668150672
2023-04-03,0.00136165284444576
2023-04-04,0.0008364419361686401
2023-04-05,-0.0011049740532556801
2023-04-06,0.0021760100457069603
2023-04-10,0.0009423610764256001
2023-04-11,0.00168515946838816
2023-04-12,0.00112177848275592
2023-04-13,0.0028214874780812
2023-04-14,-0.00021796155381592
2023-04-17,0.0019655975834808005
2023-04-18,-0.00027492769070912
2023-04-19,0.0030504917302444003
2023-04-20,-0.0015754191444064002
2023-04-21,0.00120485037317952
2023-04-24,0.0002515480157542401
2023-04-25,-0.00716459732395688
2023-04-26,0.00208627056072944
2023-04-27,0.00864627847141448
2023-04-28,0.005384253828311761
2023-05-01,0.00116292804344384
2023-05-02,-0.00365205897114712
2023-05-03,0.0020161801612461603
2023-05-04,-0.00056836007237496
2023-05-05,0.00767408708345856
2023-05-08,0.0023241278544420805
2023-05-09,0.0032740924697168008
2023-05-10,0.0035365979617046402
2023-05-11,0.00296977587521216
2023-05-12,-0.00265010529437104
2023-05-15,0.00083039288804432
2023-05-16,0.00253211264117144
2023-05-17,0.0017499940972481602
2023-05-18,0.00460482784851752
2023-05-19,0.00146137858831888
2023-05-22,-0.0007522428883685601
2023-05-23,-0.004547850858402161
2023-05-24,0.00356311165426984
2023-05-25,0.010489230965534401
2023-05-26,0.00022080788737608
2023-05-30,0.0008836325112722401
2023-05-31,-0.00383784536447384
2023-06-01,0.0032949082384042404
2023-06-02,0.00536883179874424
2023-06-05,-3.1060842571200057e-06
2023-06-06,-5.922408251323999e-05
2023-06-07,-0.0025527234215204
2023-06-08,0.00445546530151912
2023-06-09,0.0019623390018842406
2023-06-12,0.0046079921588360806
2023-06-13,0.0031429203942168003
2023-06-14,0.006401940051365281
2023-06-15,0.0025315283057487205
2023-06-16,-0.00234463053653152
2023-06-20,-0.0012176861645907201
2023-06-21,4.148449297040004e-06
2023-06-22,0.0025686625346917603
2023-06-23,-0.0033924077204195197
2023-06-26,-0.00231214031267072
2023-06-27,0.004890012890900241
2023-06-28,3.790959744584e-05
2023-06-29,0.00245755201107488
2023-06-30,0.005468687430088721
2023-07-03,0.0009178322243440001
2023-07-05,-0.0033598857664472797
2023-07-06,-0.00089344049944928
2023-07-07,0.0016538752731419999
2023-07-10,0.00127640712250624
2023-07-11,0.00170277613228256
2023-07-12,0.00514520874876336
2023-07-13,0.00434159771895816
2023-07-14,-0.0020070332823772003
2023-07-17,0.00525511112367016
2023-07-18,0.0028897791271128804
2023-07-19,-0.00042710646384272005
2023-07-20,-0.00269467351606176
2023-07-21,-0.0037467542315464003
2023-07-24,0.00018424090614848005
2023-07-25,0.0020095236087228803
2023-07-26,0.00064825878002056
2023-07-27,0.00017107854318112
2023-07-28,0.006702194750618561
2023-07-31,5.402611188752e-05
2023-08-01,0.0008683583676807199
2023-08-02,-0.0071187816247412
2023-08-03,-0.00106920814599312
2023-08-04,0.00079636182292768
2023-08-07,0.00604806944953688
2023-08-08,0.0021687872984536
2023-08-09,-0.004911054106182241
2023-08-10,9.896700799376004e-05
2023-08-11,0.00073306350012144
2023-08-14,0.00349340028629536
2023-08-15,-0.0036065645289019197
2023-08-16,-0.0013209456261420803
2023-08-17,-0.0016034204387852002
2023-08-18,4.972483847199969e-07
2023-08-21,0.0034716138652816806
2023-08-22,-0.0011531837130628001
2023-08-23,-0.00078187975769688
2023-08-24,-0.0041388574552361605
2023-08-25,0.00052019383402472
2023-08-28,-0.0013106534184245601
2023-08-29,0.006839224681867361
2023-08-30,0.00114938953896376
2023-08-31,-0.00042093076956752003
2023-09-01,-0.0021318659004012
2023-09-05,-0.00406801522709872
2023-09-06,-0.0034996223758142404
2023-09-07,0.0029444216357556
2023-09-08,0.003856660903160001
2023-09-11,0.00224090657086808
2023-09-12,-0.0005900167281943201
2023-09-13,-9.806792188031995e-05
2023-09-14,0.0050269980467532
2023-09-15,-0.0048796172399496
2023-09-18,-0.00072292234638104
2023-09-19,-0.00018106577537296
2023-09-20,-0.00281698336451488
2023-09-21,-0.00132416378588704
2023-09-22,-0.0008918471761344001
2023-09-25,0.0009620699030744801
2023-09-26,-0.00265482216102088
2023-09-27,0.00476500958114352
2023-09-28,0.00020075535673072005
2023-09-29,-2.9730805831199974e-06
2023-10-02,0.00507333389560784
2023-10-03,0.0010599473116960799
2023-10-04,0.00041831477677584003
2023-10-05,0.00216844965659872
2023-10-06,0.00180358796261032
2023-10-09,0.0012018569373484
2023-10-10,0.00014046501424967999
2023-10-11,0.0034781383581963202
2023-10-12,-0.00247328688690568
2023-10-13,-0.00044046464706872
2023-10-16,-0.004366645985372241
2023-10-17,-0.0045348635203352
2023-10-18,-0.0003805456565804
2023-10-19,-0.00102742794846288
2023-10-20,0.00106594462679632
2023-10-23,-0.00337717210744072
2023-10-24,0.0005424094163157601
2023-10-25,-0.005484496594658801
2023-10-26,-0.00804471803038848
2023-10-27,0.00628218944697832
2023-10-30,0.0009201006073871199
2023-10-31,-0.0008869650217834402
2023-11-01,0.00447020008126384
2023-11-02,0.0064624096097225595
2023-11-03,0.00158124625240864
2023-11-06,0.0003874157522188
2023-11-07,-0.0017954938218669601
2023-11-08,-0.0033184601735961597
2023-11-09,-0.0019410116980995201
2023-11-10,0.0036460031237653605
2023-11-13,0.0012694539910884002
2023-11-14,0.00880060464163856
2023-11-15,-0.00058511488026784
2023-11-16,0.00223884631621464
2023-11-17,0.00484786131499792
2023-11-20,0.00130461984584432
2023-11-21,0.0010611499599320002
2023-11-22,0.0006620249184770401
2023-11-24,-0.00222814406514336
2023-11-27,0.00124192663645352
2023-11-28,0.00046481672993568004
2023-11-29,0.00101044457316128
2023-11-30,0.00255835823588312
2023-12-01,0.0013999477320360799
2023-12-04,0.00089600759628048
2023-12-05,0.00028105408921400005
2023-12-06,-0.0014149618442176003
2023-12-07,0.0038610733731108808
2023-12-08,0.00141239919609152
2023-12-11,0.0034824468291394404
2023-12-12,0.0027782562922609604
2023-12-13,0.006470185211267041
2023-12-14,0.0038883753011443203
2023-12-15,-0.00206855759577296
2023-12-18,0.00134840011887272
2023-12-19,0.00434049155173464
2023-12-20,-0.0023581987688774397
2023-12-21,0.00563265696781016
2023-12-22,0.0042302225864930395
2023-12-26,0.00245967850305232
2023-12-27,0.00181203278507432
2023-12-28,-8.199023228448003e-05
2023-12-29,-0.00020688738536648
2024-01-02,-0.0036718997098685595
2024-01-03,-0.00352123473475352
2024-01-04,-0.0009350333342918401
2024-01-05,-0.0017827380264620802
2024-01-08,0.00458376117484128
2024-01-09,-0.0010506633748751202
2024-01-10,0.0023041290910128004
2024-01-11,0.0011848411049660802
2024-01-12,1.4303016208400008e-05
2024-01-16,0.0026525543621471206
2024-01-17,-0.0026276509121287202
2024-01-18,0.0076055191546300005
2024-01-19,0.0066430379751241594
2024-01-22,-0.0012886617422745601
2024-01-23,0.0037207505531790404
2024-01-24,0.0007032574957716801
2024-01-25,0.00112808481150944
2024-01-26,-0.002303294712598
2024-01-29,0.0035871224490324808
2024-01-30,-0.0009013791914056001
2024-01-31,-0.00522233949839424
2024-02-01,0.00507877153033248
2024-02-02,0.007436597515050961
2024-02-05,-0.0004738916880724
2024-02-06,-0.0022276092625169597
2024-02-07,0.0042276073025276795
2024-02-08,0.00194258691393792
2024-02-09,0.00222621770277392
2024-02-12,-0.00183306683922424
2024-02-13,-0.00326899709601144
2024-02-14,0.0028184126202464802
2024-02-15,0.00380220989440344
2024-02-16,-0.0007754997561996802
2024-02-20,-0.00244829480991632
2024-02-21,0.0020880698783944003
2024-02-22,0.011324568990831202
2024-02-23,-0.0006412863890258401
2024-02-26,0.0010248922936572
2024-02-27,-0.00124236075884032
2024-02-28,0.00011806499104296
2024-02-29,0.0013677357151575201
2024-03-01,0.00411776366373576
2024-03-04,0.0013915400534057602
2024-03-05,-0.0006465537475407201
2024-03-06,0.00422175448631536
2024-03-07,0.00457994609324088
2024-03-08,-0.00209308191589088
2024-03-11,-0.00365497086359808
2024-03-12,0.0041126515363572
2024-03-13,7.663040466648e-05
2024-03-14,-0.0011801575385398401
2024-03-15,-6.162106704183977e-05
2024-03-18,0.0030998625198004805
2024-03-19,0.00095105431872448
2024-03-20,0.0028083180925409603
2024-03-21,0.00347977608063456
2024-03-22,-0.0016608094440832802
2024-03-25,-0.00012872931917548005
2024-03-26,-0.00103899896121528
2024-03-27,0.0035080463704084803
2024-03-28,0.0008268355865252801
2024-04-01,0.00078210319538768
2024-04-02,0.00218825473940112
2024-04-03,0.00192959572344496
2024-04-04,-0.0014470620963956
2024-04-05,0.0022078215681538404
2024-04-08,-0.00048485041477368
2024-04-09,7.420463095824001e-05
2024-04-10,-0.0016357027500045601
2024-04-11,0.0022758923088424805
2024-04-12,-0.0024314352112457596
2024-04-15,-0.00299944457548128
2024-04-16,0.00107538333849944
2024-04-17,-0.00509982279163392
2024-04-18,0.0010943845935114402
2024-04-19,-0.0014230539997612801
2024-04-22,0.00089608731082832
2024-04-23,0.0026683974392792006
2024-04-24,0.0006306372086021599
2024-04-25,0.00086201565824928
2024-04-26,0.00730074846859536
2024-04-29,0.0032628672835495203
2024-04-30,-8.89686707097998e-05
2024-05-01,-0.00134554862545408
2024-05-02,0.00021868840756696003
2024-05-03,-0.00175443724094424
2024-05-06,0.0040437138034936804
2024-05-07,0.00063750715010624
2024-05-08,-0.00021055026798808002
2024-05-09,0.00307940217543984
2024-05-10,-0.00010690982934730004
2024-05-13,-0.00029645313232024
2024-05-14,0.00488683319358832
2024-05-15,0.00622243623593312
2024-05-16,-0.0018846726967732001
2024-05-17,-3.5289735971999958e-06
2024-05-20,-0.00165830517760048
2024-05-21,-0.00018029584150856
2024-05-22,0.00168268202831464
2024-05-23,-0.00247978628037784
2024-05-24,0.0035414724929242404
2024-05-28,0.0021873687266233603
2024-05-29,-0.007423707636045761
2024-05-30,-0.00116854380014584
2024-05-31,0.005423990368389041
2024-06-03,-0.0014701617579466401
2024-06-04,0.00148143658118344
2024-06-05,0.00412711826979152
2024-06-06,0.00169066790771824
2024-06-07,-0.00177184610644072
2024-06-10,0.0009466529103351999
2024-06-11,0.000861716428546
2024-06-12,0.004325950207776
2024-06-13,-0.00400656161641504
2024-06-14,-0.0014214366901868002
2024-06-17,0.0018005131803948801
2024-06-18,0.0008766680728527999
2024-06-20,-0.00047766795300016005
2024-06-21,0.00035968252653120005
2024-06-24,0.0012530081163994401
2024-06-25,0.0023901356615907204
2024-06-26,-0.0006341702430393601
2024-06-27,-0.0034986137041012797
2024-06-28,-0.00036447992231648004
2024-07-01,0.00163803107536104
2024-07-02,0.00361839881254624
2024-07-03,0.00038279243813048005
2024-07-05,0.0030803111822538406
2024-07-08,0.00078604982883128
2024-07-09,0.0010594973445955998
2024-07-10,0.004152000387194
2024-07-11,-0.00402372029310328
2024-07-12,0.00464097072151656
2024-07-15,0.0031276397021548
2024-07-16,0.0042729961143488805
2024-07-17,-0.00162091656274832
2024-07-18,-0.003784101624796
2024-07-19,0.0008882832954279999
2024-07-22,0.005518473212255521
2024-07-23,-0.0008952498288704802
2024-07-24,-0.0061030701479319206
2024-07-25,-0.00343624104300248
2024-07-26,0.00533264739866016
2024-07-29,0.00032031966532008
2024-07-30,-0.00205079603271992
2024-07-31,0.00886085018202096
2024-08-01,0.00098660922316552
2024-08-02,0.00038549599054648004
2024-08-05,-0.004936297053516881
2024-08-06,0.00077402649890576
2024-08-07,-0.0016714099801249601
2024-08-08,0.008252769079689201
2024-08-09,0.00177415808328592
2024-08-12,-0.0026415516870891198
2024-08-13,0.0026989680952404804
2024-08-14,-0.0014554555166888
2024-08-15,0.006201271416853441
2024-08-16,0.00174066849902208
2024-08-19,0.00166253602504856
2024-08-20,0.00017260110596224
2024-08-21,0.0013249462682877599
2024-08-22,-0.0026151275411481598
2024-08-23,0.004212114841117999
2024-08-26,0.00310811179950248
2024-08-27,0.00109526817730576
2024-08-28,-0.0042594893531537606
2024-08-29,-0.0013956814320252003
2024-08-30,0.00426792453751288
2024-09-03,-0.0029061954325694398
2024-09-04,0.00324679028486464
2024-09-05,-0.00038412728888
2024-09-06,-0.00390116105316032
2024-09-09,0.00470094416130592
2024-09-10,0.00391662438259568
2024-09-11,0.0021173202000465603
2024-09-12,0.0021655100420228802
2024-09-13,0.00054986575192608
2024-09-16,0.00489543587789184
2024-09-17,-0.00315581302876968
2024-09-18,-0.0015434818722692802
2024-09-19,0.00587313652340128
2024-09-20,0.0004926430480310399
2024-09-23,-0.00057755089319904
2024-09-24,0.00054177797905688
2024-09-25,-0.00272666440377408
2024-09-26,-0.00152290155266464
2024-09-27,0.0011964483075972
2024-09-30,0.00210615404035304
2024-10-01,-0.00202008620457344
2024-10-02,0.00129729859495192
2024-10-03,-0.00018069832459711999
2024-10-04,0.0024138346560651203
2024-10-07,-0.0034784060254843996
2024-10-08,0.00366546953208832
2024-10-09,0.00029266107560744
2024-10-10,-0.0027270945364824798
2024-10-11,0.0027531637845986403
2024-10-14,0.0026576927308432806
2024-10-15,-0.00210742574089592
2024-10-16,0.00431884388548376
2024-10-17,0.0015228971387808
2024-10-18,0.00202700286851664
2024-10-21,-0.0012009884648598401
2024-10-22,0.0034289522261614406
2024-10-23,-0.0009276136527084
2024-10-24,0.0032867412673354404
2024-10-25,-0.0017483271400616802
2024-10-28,-0.0011406713763771202
2024-10-29,-0.0017752397489460801
2024-10-30,-0.00136179572007184
2024-10-31,-0.0018240963630671203
2024-11-01,3.948362994319997e-06
2024-11-04,0.00098470094642424
2024-11-05,0.0024560964917076005
2024-11-06,0.012885733112208801
2024-11-07,0.00426731481454032
2024-11-08,0.0024847855471113603
2024-11-11,0.0040678149834856795
2024-11-12,-0.00332370607360776
2024-11-13,0.00124764942282656
2024-11-14,-0.0022280984448484
2024-11-15,-0.00033949686815624004
2024-11-18,0.0036023658749176003
2024-11-19,0.0022236471508988802
2024-11-20,0.00025928134019704
2024-11-21,0.00537913306671544
2024-11-22,0.0020546030984638403
2024-11-25,-0.0011997628600658402
2024-11-26,0.0007110591013669601
2024-11-27,-0.0031715491410792
2024-11-29,0.00490186137319712
2024-12-02,0.00064025732218432
2024-12-03,-0.000257184796904
2024-12-04,-0.0006744958543717601
2024-12-05,0.0008620271260048
2024-12-06,0.0021535968294132003
2024-12-09,-0.00549742233216168
2024-12-10,0.006203937620661119
2024-12-11,0.00217050359286048
2024-12-12,0.00077642431662896
2024-12-13,0.0017161832098006402
2024-12-16,0.0012836017183311202
2024-12-17,-0.00344383772649752
2024-12-18,-0.0019249736990546403
2024-12-19,0.0030828386753965604
2024-12-20,0.00161501427648456
2024-12-23,0.0060201225755244
2024-12-24,0.0025503486756621604
2024-12-26,0.0024952446090885606
2024-12-27,-0.0047088833930666405
2024-12-30,-0.00227216894808128
2024-12-31,-0.00348875014193824
2025-01-02,0.0003064261338459201
2025-01-03,0.0016537841975727198
2025-01-06,0.0023360427384580807
2025-01-07,-0.00319410762703152
2025-01-08,-0.00032961416234464006
2025-01-10,0.00218723474099104
2025-01-13,-0.005125238255614161
2025-01-14,-0.0006742668505216801
2025-01-15,0.0028429783325072803
2025-01-16,-0.0020716015845980798
2025-01-17,0.0038619308586584004
2025-01-21,0.005404383583431121
2025-01-22,0.0013123877317821602
2025-01-23,0.00607054421241384
2025-01-24,0.0003154125804468
2025-01-27,0.00081274648073032
2025-01-28,0.00070613982444536
2025-01-29,-0.00051139560617
2025-01-30,0.00437468879393072
2025-01-31,-0.00303582122540504
2025-02-03,-0.000705695958178
2025-02-04,0.00136940095828816
2025-02-05,0.0017719161452608002
2025-02-06,0.0019893140703934405
2025-02-07,-0.00291806868587256
2025-02-10,0.0013207194146216
2025-02-11,0.0016359709951464
2025-02-12,0.00357745179589472
2025-02-13,0.00226336410680928
2025-02-14,0.00122826224875528
2025-02-18,0.00156555713840136
2025-02-19,0.0027847498537708804
2025-02-20,-0.00280051380052168
2025-02-21,-0.00207823541930408
2025-02-24,-0.00036018097702312
2025-02-25,-0.00067914797746176
2025-02-26,-0.0007851265288186401
2025-02-27,-0.003907752841426241
2025-02-28,0.00632699604649304
2025-03-03,-0.0013578508719022401
2025-03-04,-0.006186545719643521
2025-03-05,0.00104305380882944
2025-03-06,-0.00253473504939112
2025-03-07,-0.0017860601406888802
2025-03-10,0.00113479693143408
2025-03-11,-0.0029118656496904
2025-03-12,-0.0006629840847944
2025-03-13,0.00261885236050512
2025-03-14,-0.0014262908158289601
2025-03-17,0.00181225641737704
2025-03-18,2.8914239924399997e-05
2025-03-19,-0.0024322439182415997
2025-03-20,-0.0028898529585205603
2025-03-21,-0.0005712582410252001
2025-03-24,-0.0042851754026496
2025-03-25,-0.00346691778677096
2025-03-26,0.004533160173117759
2025-03-27,0.00450316906479752
2025-03-28,0.0018771752991669601
2025-03-31,0.0033151451898976807
2025-04-01,-0.00369340843730288
2025-04-02,-0.004809519670086881
2025-04-03,0.011248798418602242
2025-04-04,-0.00804177516886344
2025-04-07,0.00173067210972864
2025-04-08,-0.0025471060834074397
2025-04-09,0.00753726906767208
2025-04-10,-0.00307879329889616
2025-04-11,-0.00143769934641768
2025-04-14,0.00026024085256976003
2025-04-15,-0.00134556908602208
2025-04-16,0.0020417396766330403
2025-04-17,-0.0021843842674832
2025-04-21,-0.0008772828621572001
2025-04-22,-0.0029614673619627998
2025-04-23,-0.00283449011274568
2025-04-24,0.0026939070078532005
2025-04-25,0.00175054194907784
2025-04-28,0.00050735937198744
2025-04-29,0.0008186312760196
2025-04-30,-0.0007011939561800801
2025-05-01,0.0014231976874228
2025-05-02,0.0049691504166544
2025-05-05,-0.00478244250833264
2025-05-06,-0.0013620994645085602
2025-05-07,0.0032366126264088808
2025-05-08,0.0016521858311756002
2025-05-09,-0.0002382777943284
2025-05-12,0.00410310954946696
2025-05-13,0.0014718260406486401
2025-05-14,0.0011234920747752802
2025-05-15,0.0068079913514624
2025-05-16,0.0022182946403387204
2025-05-19,0.0023936351110888806
2025-05-20,-0.0038432035320504
2025-05-21,-0.0049219677607082405
2025-05-22,-0.00140821109171808
2025-05-23,0.00139328914938528
2025-05-27,0.008215900701311361
2025-05-28,0.0010685046000297599
2025-05-29,0.0032473150800908803
2025-05-30,0.0018350730032380001
2025-06-02,0.0037064512153562406
2025-06-03,0.00137031850567776
2025-06-04,-0.0038195059487959203
2025-06-05,-0.00081143577859824
2025-06-06,0.00020640497927248004
2025-06-09,-0.0008626399178888801
2025-06-10,0.00050964938538144
2025-06-11,0.0018722250548895202
2025-06-12,0.00374179207626896
2025-06-13,0.00028892991143888
2025-06-16,0.0033099748908152807
2025-06-17,-0.003953362652505041
2025-06-18,-0.0007182532343020801
2025-06-20,0.00083058944463728
2025-06-23,0.00365481276598752
2025-06-24,0.0015972908876896
2025-06-25,-0.00029984577291064003
2025-06-26,0.004338803055024
2025-06-27,0.0051559951881997605
2025-06-30,0.0026154767210183204
2025-07-01,0.00170351988908328
2025-07-02,0.00160501952620808
2025-07-03,-0.00022460318507744
2025-07-07,-0.00438610517309688
2025-07-08,0.00065585840278864
2025-07-09,0.0037252022639073607
2025-07-10,0.00451613563575616
2025-07-11,-0.00149906560082648
2025-07-14,-0.00044299930724712
2025-07-15,-0.0031158993409364
2025-07-16,0.00134409831179528
2025-07-17,0.00378017426686208
2025-07-18,-0.00412097818195896
2025-07-21,0.0021025155790573603
2025-07-22,-0.00346661150656576
2025-07-23,0.0057685345652861595
2025-07-24,0.00134223329072088
2025-07-25,0.00573425474148032
2025-07-28,0.00040403527416336
2025-07-29,0.0009225908814897599
2025-07-30,-0.00507375566285568
2025-07-31,-0.0006594871058300801
2025-08-01,0.0034161618900712806
2025-08-04,0.0021172400072660804
2025-08-05,0.00129581219616944
2025-08-06,-0.00233581171177896
2025-08-07,0.0033198264034105603
2025-08-08,0.0032993174259699203
2025-08-11,0.0020848729650473604
2025-08-12,0.00024034843363464
2025-08-13,0.00062726586025376
2025-08-14,0.00052402745624608
2025-08-15,-0.0004492001993604
2025-08-18,0.0016248164834435999
2025-08-19,-0.0027731040406883197
2025-08-20,0.00138103064985456
2025-08-21,0.00011124420793976
2025-08-22,0.00438821548498672
2025-08-25,-0.004969309018848161
2025-08-26,0.00165802489341896
2025-08-27,0.00127319333791456
2025-08-28,0.0004633070081016
2025-08-29,-0.0047291439706215205
2025-09-02,-0.00374216762920104
2025-09-03,-0.00164724268577504
2025-09-04,0.00509540655269656
2025-09-05,-0.0013513922113318401
2025-09-08,0.0029417551928412004
2025-09-09,-0.0033509298634202397
2025-09-10,0.0083408648834896
2025-09-11,0.0024566705252504805
2025-09-12,-0.00064740540252832
2025-09-15,0.00411112670053816
2025-09-16,-0.00358391093296368
2025-09-17,-9.45577161976e-06
2025-09-18,-0.0008759358470243201
2025-09-19,0.00046790089611984
2025-09-22,-0.00273612748737392
2025-09-23,0.0022504765257276003
2025-09-24,0.00019469664981464004
2025-09-25,-0.00155820624672088
2025-09-26,0.0019054089911683199
2025-09-29,-0.0016609559078448802
2025-09-30,0.0007190287466026401
2025-10-01,0.00426562748589224
2025-10-02,-0.00016854725729046
2025-10-03,-0.0012243844387726402
2025-10-06,0.0023974518114862403
2025-10-07,-0.0017329711736429603
2025-10-08,0.00673950934726824
2025-10-09,-0.0009480868407908801
2025-10-10,-0.0043376592296776005
2025-10-13,0.0016450382498284799
2025-10-14,-0.0008772560504231201
2025-10-15,0.0023000157289961606
2025-10-16,0.00072977418954312
2025-10-17,3.335566944720006e-06
2025-10-20,0.00430204003350768
2025-10-21,0.0021835161994626403
2025-10-22,-0.00032643663027664
2025-10-23,0.00486953456268952
2025-10-24,0.00310025731496608
2025-10-27,0.0032698555151208803
2025-10-28,0.0017242445400080001
2025-10-29,0.00160928051954456
2025-10-30,-0.00023810062909592004
2025-10-31,0.00030989205783664
2025-11-03,0.0009506572264284798
2025-11-04,-0.0060809282655788005
2025-11-05,0.00595961692157784
2025-11-06,0.00067175713450392
2025-11-07,0.004098199802496079
2025-11-10,0.00093317860185128
2025-11-11,0.00471835552836992
2025-11-12,-0.0006556145783922401
2025-11-13,-0.00466227748467504
2025-11-14,-0.00137839493029792
2025-11-17,0.00170502607723576
2025-11-18,-0.00103022834103512
