date,baseline_returns,enhanced_returns,composite_alpha
2022-02-02 23:02:09.487608,0.005467141530112327,0.010901852229427487,0.543471069931516
2022-02-03 23:02:09.487608,-0.0008826430117118466,0.004724020382824425,0.5606663394536271
2022-02-04 23:02:09.487608,0.006976885381006924,0.012464841717523285,0.548795633651636
2022-02-07 23:02:09.487608,0.015730298564080255,0.021464120653463994,0.5733822089383741
2022-02-08 23:02:09.487608,-0.0018415337472333596,0.0033453511570347054,0.5186884904268065
2022-02-09 23:02:09.487608,-0.0018413695694918055,0.0038515630835723523,0.5692932653064158
2022-02-10 23:02:09.487608,0.016292128155073915,0.02103404188009074,0.47419137250168253
2022-02-11 23:02:09.487608,0.008174347291529088,0.013420252263590688,0.52459049720616
2022-02-14 23:02:09.487608,-0.004194743859349521,0.0012361566403644763,0.5430900499713998
2022-02-15 23:02:09.487608,0.005925600435859647,0.011657012021015661,0.5731411585156014
2022-02-16 23:02:09.487608,-0.004134176928124622,0.0014449875998144793,0.5579164527939101
2022-02-17 23:02:09.487608,-0.004157297535702568,0.0010007236811868546,0.5158021216889422
2022-02-18 23:02:09.487608,0.002919622715660341,0.00817870665096165,0.5259083935301309
2022-02-21 23:02:09.487608,-0.01863280244657798,-0.013285277908663684,0.5347524537914295
2022-02-22 23:02:09.487608,-0.01674917832513033,-0.011354576319324974,0.5394602005805353
2022-02-23 23:02:09.487608,-0.005122875292409727,0.00011032397255018433,0.5233199264959911
2022-02-24 23:02:09.487608,-0.009628311203344238,-0.004560501021046204,0.5067810182298034
2022-02-25 23:02:09.487608,0.003642473325952739,0.008815458053168228,0.5172984727215489
2022-02-28 23:02:09.487608,-0.00858024075521211,-0.0037693061279686956,0.4810934627243414
2022-03-01 23:02:09.487608,-0.013623037013352915,-0.008641878543056751,0.4981158470296165
2022-03-02 23:02:09.487608,0.015156487689215542,0.020966050522111843,0.5809562832896301
2022-03-03 23:02:09.487608,-0.0017577630048653567,0.0028367917840563775,0.4594554788921734
2022-03-04 23:02:09.487608,0.0011752820468792385,0.0057115510277654345,0.45362689808861956
2022-03-07 23:02:09.487608,-0.013747481862134567,-0.008262132930710204,0.5485348931424364
2022-03-08 23:02:09.487608,-0.004943827245251827,-0.0001953022285087853,0.47485250167430415
2022-03-09 23:02:09.487608,0.001609225897098661,0.00637842410857756,0.4769198211478899
2022-03-10 23:02:09.487608,-0.011009935774223028,-0.006302702627243372,0.4707233146979656
2022-03-11 23:02:09.487608,0.004256980183456719,0.009238614154692872,0.4981633971236154
2022-03-14 23:02:09.487608,-0.005506386899188051,9.518214840315096e-05,0.5601569047591202
2022-03-15 23:02:09.487608,-0.002416937497932768,0.002839079081989145,0.5256016579921913
2022-03-16 23:02:09.487608,-0.005517066122293969,-0.00036183520213101464,0.5155230920162954
2022-03-17 23:02:09.487608,0.01902278184508938,0.023315992176042376,0.42932103309529973
2022-03-18 23:02:09.487608,0.0003650277526206608,0.004930425465910201,0.456539771328954
2022-03-21 23:02:09.487608,-0.010077109289559003,-0.006062464554714069,0.4014644734844933
2022-03-22 23:02:09.487608,0.00872544912103189,0.013411358351177599,0.4685909230145707
2022-03-23 23:02:09.487608,-0.011708436499710222,-0.006126516696300503,0.558191980340972
2022-03-24 23:02:09.487608,0.0025886359500475542,0.007933822622741633,0.5345186672694079
2022-03-25 23:02:09.487608,-0.019096701238797757,-0.014011972207770704,0.5084729031027051
2022-03-28 23:02:09.487608,-0.012781860488984305,-0.007586026561135827,0.5195833927848478
2022-03-29 23:02:09.487608,0.0024686123586912354,0.0074022417615897,0.4933629402898464
2022-03-30 23:02:09.487608,0.007884665799954104,0.0131631046940134,0.5278438894059296
2022-03-31 23:02:09.487608,0.0022136828118997053,0.00753468154308923,0.5320998731189525
2022-04-01 23:02:09.487608,-0.0006564828238824053,0.0039211602049632165,0.4577643028845621
2022-04-04 23:02:09.487608,-0.0025110369558928878,0.0026396625853994963,0.5150699541292384
2022-04-05 23:02:09.487608,-0.014285219903674274,-0.008904717625403364,0.538050227827091
2022-04-06 23:02:09.487608,-0.006698442083947086,-0.001762436220845558,0.4936005863101528
2022-04-07 23:02:09.487608,-0.004106387709597875,0.001235532758481852,0.5341920468079727
2022-04-08 23:02:09.487608,0.011071222262189158,0.016954543105098942,0.5883320842909784
2022-04-11 23:02:09.487608,0.003936182895684614,0.009091432298641454,0.515524940295684
2022-04-12 23:02:09.487608,-0.01713040155362734,-0.01171545612192537,0.5414945431701969
2022-04-13 23:02:09.487608,0.00374083969394795,0.008656278024871785,0.4915438330923835
2022-04-14 23:02:09.487608,-0.0033508228041631656,0.0018218156267446797,0.5172638430907845
2022-04-15 23:02:09.487608,-0.006269220003059588,-0.0010454705083421433,0.5223749494717445
2022-04-18 23:02:09.487608,0.006616762888408678,0.011672335117570274,0.5055572229161596
2022-04-19 23:02:09.487608,0.01080999522495951,0.015490159515529537,0.4680164290570027
2022-04-20 23:02:09.487608,0.009812801191161987,0.014755435473059051,0.4942634281897065
2022-04-21 23:02:09.487608,-0.007892175232226385,-0.0025666124354805234,0.5325562796745862
2022-04-22 23:02:09.487608,-0.002592123758512146,0.0025427220689709204,0.5134845827483067
2022-04-25 23:02:09.487608,0.0038126343140356396,0.009005509846495478,0.5192875532459837
2022-04-26 23:02:09.487608,0.010255451271223593,0.015002659982875626,0.4747208711652034
2022-04-27 23:02:09.487608,-0.0042917423784529,0.0008975351146204586,0.5189277493073359
2022-04-28 23:02:09.487608,-0.0013565897666381712,0.0034943760000731875,0.48509657667113587
2022-04-29 23:02:09.487608,-0.010563349740060282,-0.005886950772961024,0.46763989670992573
2022-05-02 23:02:09.487608,-0.011462066240806708,-0.0065901968708854545,0.48718693699212534
2022-05-03 23:02:09.487608,0.008625258223941982,0.013067748688278499,0.44424904643365176
2022-05-04 23:02:09.487608,0.01406240028570823,0.01857781558593014,0.4515415300221907
2022-05-05 23:02:09.487608,-0.00022010121580333852,0.004560402691026416,0.47805039068297533
2022-05-06 23:02:09.487608,0.010535328978920242,0.015501330780965345,0.49660018020451036
2022-05-09 23:02:09.487608,0.004116360250476341,0.008627967912894162,0.45116076624178203
2022-05-10 23:02:09.487608,-0.0059511975460512425,-0.0005742417854187653,0.5376955760632477
2022-05-11 23:02:09.487608,0.004113956055084139,0.009257283699878098,0.5143327644793958
2022-05-12 23:02:09.487608,0.015880365664659692,0.0208437458138971,0.4963380149237408
2022-05-13 23:02:09.487608,0.0001417396089004846,0.004857155333568862,0.4715415724668377
2022-05-16 23:02:09.487608,0.016146436558140062,0.02135003663933428,0.5203600081194216
2022-05-17 23:02:09.487608,-0.025697451040897445,-0.020555730050737474,0.5141720990159969
2022-05-18 23:02:09.487608,0.00871902504375224,0.014093260672933407,0.5374235629181168
2022-05-19 23:02:09.487608,0.0013704706823817123,0.006638159667142567,0.5267688984760854
2022-05-20 23:02:09.487608,-0.002490073504658675,0.002441504603579661,0.49315781082383353
2022-05-23 23:02:09.487608,0.001417607765355023,0.006979867946267005,0.5562260180911982
2022-05-24 23:02:09.487608,-0.01937568914600893,-0.013833425453669779,0.554226369233915
2022-05-25 23:02:09.487608,-0.0016967188783751194,0.004162685147237546,0.5859404025612666
2022-05-26 23:02:09.487608,0.004071125715117464,0.0095569705673836,0.5485844852266136
2022-05-27 23:02:09.487608,0.015278940447415162,0.02129659791023686,0.6017657462821698
2022-05-30 23:02:09.487608,-0.004682702182736474,9.434813006754892e-05,0.47770503128040226
2022-05-31 23:02:09.487608,-0.0075849360289318764,-0.0018951140878371723,0.5689821941094704
2022-06-01 23:02:09.487608,-0.004517570435845365,0.0006898805153398233,0.5207450951185189
2022-06-02 23:02:09.487608,0.009654021177020742,0.01520641753929432,0.555239636227358
2022-06-03 23:02:09.487608,0.0037875110965968446,0.009150383945413345,0.53628728488165
2022-06-06 23:02:09.487608,-0.004797602037670387,0.0007057386855404664,0.5503340723210853
2022-06-07 23:02:09.487608,0.0056326743311335605,0.010733082954764338,0.5100408623630777
2022-06-08 23:02:09.487608,0.0014707754934804038,0.006200008510425912,0.4729233016945508
2022-06-09 23:02:09.487608,0.010186449905328894,0.01578028204903682,0.5593832143707925
2022-06-10 23:02:09.487608,-0.006520530938773524,-0.0013711357122673804,0.5149395226506144
2022-06-13 23:02:09.487608,-0.002776621465977682,0.0024477991374814976,0.522442060345918
2022-06-14 23:02:09.487608,-0.003421081531321576,0.002146449930460984,0.556753146178256
2022-06-15 23:02:09.487608,-0.014135149481321186,-0.009237180221675627,0.4897969259645559
2022-06-16 23:02:09.487608,0.0034612027706457608,0.009015066576278902,0.5553863805633141
2022-06-17 23:02:09.487608,0.003110552721798893,0.008154286683858356,0.5043733962059462
2022-06-20 23:02:09.487608,0.0005511345664246089,0.00578133441546619,0.5230199849041581
2022-06-21 23:02:09.487608,-0.0018458713337514694,0.003510159059949883,0.5356030393701352
2022-06-22 23:02:09.487608,-0.013653707420504143,-0.008780240551854147,0.4873466868649995
2022-06-23 23:02:09.487608,-0.00370645322765359,0.0012272822113949364,0.49337354390485266
2022-06-24 23:02:09.487608,-0.002927145165267695,0.0030170050899249227,0.5944150255192617
2022-06-27 23:02:09.487608,-0.007522772692216189,-0.001694532119596955,0.5828240572619234
2022-06-28 23:02:09.487608,-0.0011128571166600914,0.004364334017601856,0.5477191134261947
2022-06-29 23:02:09.487608,0.0045405085681453836,0.010124608211102405,0.5584099642957021
2022-06-30 23:02:09.487608,0.0193618590121053,0.024692705504585875,0.5330846492480574
2022-07-01 23:02:09.487608,0.0022457781283183897,0.008094206466504456,0.5848428338186067
2022-07-04 23:02:09.487608,0.0030755039072276435,0.008449750713110807,0.5374246805883163
2022-07-05 23:02:09.487608,-0.00024445915766167217,0.005281991013075938,0.5526450170737609
2022-07-06 23:02:09.487608,-0.018687712152990414,-0.01310498394542278,0.5582728207567633
2022-07-07 23:02:09.487608,0.00023486124550783124,0.0052397154857775664,0.5004854240269735
2022-07-08 23:02:09.487608,0.0011023020994102644,0.006857061949139847,0.5754759849729583
2022-07-11 23:02:09.487608,0.025132421124852863,0.02971683319268011,0.4584412067827246
2022-07-12 23:02:09.487608,-0.0014236096478112252,0.00421019879376307,0.5633808441574295
2022-07-13 23:02:09.487608,0.0035154734233361247,0.00852416524638381,0.5008691823047685
2022-07-14 23:02:09.487608,0.0001528823029475669,0.0053042107753593325,0.5151328472411765
2022-07-15 23:02:09.487608,-0.01118678037619532,-0.006804564509164178,0.4382215867031142
2022-07-18 23:02:09.487608,0.011928228145150207,0.016693874961382544,0.47656468162323373
2022-07-19 23:02:09.487608,0.008019330326867741,0.012770812831014638,0.47514825041468983
2022-07-20 23:02:09.487608,0.00841031947043047,0.013365512462324196,0.4955192991893726
2022-07-21 23:02:09.487608,-0.008593874547947388,-0.0035016291531192022,0.5092245394828186
2022-07-22 23:02:09.487608,0.014527943109360992,0.019969132472798846,0.5441189363437853
2022-07-25 23:02:09.487608,-0.013518510627922808,-0.008450503388337246,0.5068007239585561
2022-07-26 23:02:09.487608,0.006368570938002704,0.011606320350502242,0.5237749412499538
2022-07-27 23:02:09.487608,0.022404556258099787,0.027128799845124448,0.4724243587024661
2022-07-28 23:02:09.487608,-0.009405363251306883,-0.004758454184735552,0.46469090665713314
2022-07-29 23:02:09.487608,-0.005162977296027719,0.0004369627146500717,0.5599940010677791
2022-08-01 23:02:09.487608,0.0014965136508764123,0.006369852058722322,0.48733384078459097
2022-08-02 23:02:09.487608,-0.004534756541161993,0.0011203505087669877,0.565510704992898
2022-08-03 23:02:09.487608,-0.015006634310661326,-0.009934380720761266,0.507225358990006
2022-08-04 23:02:09.487608,0.0011856297480602733,0.006349007369496823,0.516337762143655
2022-08-05 23:02:09.487608,-0.01012303713726105,-0.0046567842299645645,0.5466252907296485
2022-08-08 23:02:09.487608,0.005235924306351817,0.010857722870548009,0.5621798564196193
2022-08-09 23:02:09.487608,-0.00869424234233803,-0.0035930194523903043,0.5101222889947726
2022-08-10 23:02:09.487608,0.015999344050175394,0.02107312048869607,0.5073776438520677
2022-08-11 23:02:09.487608,-0.00733253292336237,-0.0020599690199350294,0.5272563903427341
2022-08-12 23:02:09.487608,-0.002720615162056756,0.0025664904085636216,0.5287105570620377
2022-08-15 23:02:09.487608,0.008635172173696698,0.014143239565036953,0.5508067391340254
2022-08-16 23:02:09.487608,-0.011808643164339551,-0.0066913138107263246,0.5117329353613227
2022-08-17 23:02:09.487608,0.002774599346041294,0.008095688402633193,0.5321089056591898
2022-08-18 23:02:09.487608,0.013571427542824283,0.019142232607237002,0.557080506441272
2022-08-19 23:02:09.487608,-0.015574832345612275,-0.010465188424603467,0.5109643921008808
2022-08-22 23:02:09.487608,0.002346338585323042,0.007401744006766417,0.5055405421443375
2022-08-23 23:02:09.487608,0.0030988279424842354,0.0075904238666999625,0.4491595924215727
2022-08-24 23:02:09.487608,0.008318228717773104,0.012578428135666318,0.4260199417893214
2022-08-25 23:02:09.487608,-0.011869507108780819,-0.006855064263857891,0.5014442844922927
2022-08-26 23:02:09.487608,-0.012704566130842762,-0.007968698550512604,0.47358675803301586
2022-08-29 23:02:09.487608,0.005719415656168977,0.010467240042631571,0.47478243864625946
2022-08-30 23:02:09.487608,0.0034698467323318605,0.008179190722650411,0.47093439903185497
2022-08-31 23:02:09.487608,0.0030049285034587656,0.007699227287570761,0.46942987841119954
2022-09-01 23:02:09.487608,0.003964482094969757,0.009016092435866058,0.5051610340896302
2022-09-02 23:02:09.487608,-0.0063002472157849074,-0.0017231469558465756,0.4577100259938332
2022-09-05 23:02:09.487608,0.0028225369716100355,0.007069344643617,0.4246807672006965
2022-09-06 23:02:09.487608,0.0034307247329868128,0.008209029372150838,0.4778304639164025
2022-09-07 23:02:09.487608,-0.006643514180263679,-0.0024444967980758146,0.4199017382187864
2022-09-08 23:02:09.487608,0.019157745111447567,0.023388150426892722,0.42304053154451554
2022-09-09 23:02:09.487608,0.005238329209117876,0.009333060962443077,0.4094731753325202
2022-09-12 23:02:09.487608,-0.011413034972026486,-0.007275981744632053,0.41370532273944327
2022-09-13 23:02:09.487608,0.007065536086338297,0.011397622776298405,0.43320866899601085
2022-09-14 23:02:09.487608,-0.009246816702273215,-0.005153840101441855,0.40929766008313606
2022-09-15 23:02:09.487608,0.008370846037424521,0.012858200617592918,0.4487354580168398
2022-09-16 23:02:09.487608,0.012085955790074042,0.016134292944301434,0.40483371542273916
2022-09-19 23:02:09.487608,-0.007706823183517104,-0.004167855616987977,0.3538967566529127
2022-09-20 23:02:09.487608,0.010133761292443219,0.014253103743188037,0.4119342450744818
2022-09-21 23:02:09.487608,0.0046278092693649835,0.009028231489874486,0.44004222205095034
2022-09-22 23:02:09.487608,0.0087206015999449,0.012633811498523259,0.3913209898578359
2022-09-23 23:02:09.487608,0.019467929826539474,0.02329241183811714,0.3824482011577666
2022-09-26 23:02:09.487608,-0.001953881160028705,0.0022232119187165006,0.41770930787452054
2022-09-27 23:02:09.487608,-0.007037361643574895,-0.0034192155572578178,0.3618146086317078
2022-09-28 23:02:09.487608,-0.008395144296255232,-0.005067298041490713,0.33278462547645193
2022-09-29 23:02:09.487608,-0.007658102849654383,-0.0039018308473775594,0.37562720022768237
2022-09-30 23:02:09.487608,-0.000271017094141042,0.0032413576697283594,0.35123747638694014
2022-10-03 23:02:09.487608,0.003911519748166439,0.0073066165023217685,0.33950967541553295
2022-10-04 23:02:09.487608,0.0032669079933001907,0.006759064159643577,0.34921561663433864
2022-10-05 23:02:09.487608,0.008771832490360239,0.012575662982618665,0.3803830492258427
2022-10-06 23:02:09.487608,0.0006300189187790702,0.003976853823648938,0.33468349048698676
2022-10-07 23:02:09.487608,0.01503534077157317,0.018494858106031197,0.3459517334458028
2022-10-10 23:02:09.487608,-0.0021465683323795607,0.0019191017312680087,0.4065670063647569
2022-10-11 23:02:09.487608,0.02770169166589619,0.03111138895221309,0.3409697286316901
2022-10-12 23:02:09.487608,0.006756673477650063,0.010489776155365609,0.3733102677715545
2022-10-13 23:02:09.487608,-0.008071575564162825,-0.004520685266472356,0.3550890297690468
2022-10-14 23:02:09.487608,-0.010208924980611123,-0.006893728800197133,0.33151961804139896
2022-10-17 23:02:09.487608,0.005324724152431853,0.008644494419156925,0.33197702667250717
2022-10-18 23:02:09.487608,-0.0017346278532585089,0.0014814573342438434,0.3216085187502352
2022-10-19 23:02:09.487608,0.00764000494092092,0.011361930643473449,0.3721925702552529
2022-10-20 23:02:09.487608,0.005232376245735448,0.009307651761381465,0.40752755156460174
2022-10-21 23:02:09.487608,-0.00022828912656872773,0.002964696811431971,0.31929859380006986
2022-10-24 23:02:09.487608,-0.007967937180684049,-0.004617784315309403,0.3350152865374645
2022-10-25 23:02:09.487608,-0.014648472246858646,-0.011067559380915871,0.3580912865942774
2022-10-26 23:02:09.487608,-0.003965149520670211,-0.00031896658649995446,0.3646182934170257
2022-10-27 23:02:09.487608,0.009063987943234724,0.012667768495222572,0.36037805519878485
2022-10-28 23:02:09.487608,0.0026409374413020395,0.0068906031008365955,0.42496656595345556
2022-10-31 23:02:09.487608,-0.01195738778711988,-0.008974714719372149,0.29826730677477314
2022-11-01 23:02:09.487608,0.00223180925851182,0.0049842615722824005,0.27524523137705803
2022-11-02 23:02:09.487608,0.004353173797288367,0.007612859027467094,0.3259685230178727
2022-11-03 23:02:09.487608,-0.00833857436201133,-0.004508705297435158,0.38298690645761724
2022-11-04 23:02:09.487608,0.002037251059455279,0.004894769827821499,0.285751876836622
2022-11-07 23:02:09.487608,0.001082087184459999,0.0033819397276775003,0.2299852543217501
2022-11-08 23:02:09.487608,-0.01092970297830623,-0.007369609256472358,0.35600937218338724
2022-11-09 23:02:09.487608,0.004077873603482832,0.007569302247267212,0.349142864378438
2022-11-10 23:02:09.487608,0.006107845263682344,0.009155700127958655,0.3047854864276311
2022-11-11 23:02:09.487608,0.011330512431752772,0.014490181045962025,0.31596686142092534
2022-11-14 23:02:09.487608,0.01103802052034903,0.0142602715731588,0.3222251052809769
2022-11-15 23:02:09.487608,-0.01327669367957091,-0.00982686196153577,0.34498317180351407
2022-11-16 23:02:09.487608,-0.008878250399151228,-0.00568223286183731,0.3196017537313919
2022-11-17 23:02:09.487608,0.005650352672086597,0.009196429578400432,0.35460769063138353
2022-11-18 23:02:09.487608,0.0056378595091220885,0.008191697999382238,0.25538384902601485
2022-11-21 23:02:09.487608,0.005650476863060479,0.008829114005206308,0.3178637142145829
2022-11-22 23:02:09.487608,0.03902731490654721,0.04230776450790598,0.32804496013587636
2022-11-23 23:02:09.487608,0.006208905106931671,0.009635136096791008,0.3426230989859337
2022-11-24 23:02:09.487608,0.01185565640180599,0.015136284405421162,0.3280628003615171
2022-11-25 23:02:09.487608,0.010040017634932024,0.013908459241483226,0.3868441606551201
2022-11-28 23:02:09.487608,0.00701391251305798,0.010214533829787781,0.3200621316729801
2022-11-29 23:02:09.487608,-0.002652692446403456,0.0011235105520095092,0.3776202998412965
2022-11-30 23:02:09.487608,0.008089692204932674,0.012259291383766042,0.4169599178833367
2022-12-01 23:02:09.487608,-0.007228252145375718,-0.0028958067161229282,0.4332445429252789
2022-12-02 23:02:09.487608,-0.001868186067400089,0.0017115286683204384,0.3579714735720527
2022-12-05 23:02:09.487608,-0.004353635478291035,-0.0005350255152819193,0.3818609963009116
2022-12-06 23:02:09.487608,0.0013187413938632255,0.004627572988880608,0.3308831595017383
2022-12-07 23:02:09.487608,0.02364658566673509,0.026525987898986674,0.28794022322515855
2022-12-08 23:02:09.487608,-0.01817265192591748,-0.014174189338827258,0.399846258709022
2022-12-09 23:02:09.487608,0.007362601903745134,0.011242476399945831,0.3879874496200696
2022-12-12 23:02:09.487608,-0.015627158711896516,-0.011361273452018091,0.42658852598784247
2022-12-13 23:02:09.487608,-0.004219318657894334,-0.000761196414232071,0.34581222436622633
2022-12-14 23:02:09.487608,0.011389505969673662,0.015419683499749787,0.4030177530076124
2022-12-15 23:02:09.487608,0.0011428001909546278,0.005605493456738013,0.4462693265783386
2022-12-16 23:02:09.487608,-0.010277447779293061,-0.006218449023424353,0.4058998755868708
2022-12-19 23:02:09.487608,-0.006653037092599682,-0.002618554037001921,0.40344830555977607
2022-12-20 23:02:09.487608,0.007295977489346758,0.011368396256589,0.4072418767242242
2022-12-21 23:02:09.487608,-0.006803666317171367,-0.0034146167846003618,0.3389049532571005
2022-12-22 23:02:09.487608,0.002664585895819749,0.00682873041542359,0.4164144519603842
2022-12-23 23:02:09.487608,0.0009557183990381379,0.004349493898929948,0.33937754998918107
2022-12-26 23:02:09.487608,-0.006016003476058171,-0.0019509299700404166,0.4065073506017754
2022-12-27 23:02:09.487608,0.021939440893253257,0.025015585321290102,0.3076144428036845
2022-12-28 23:02:09.487608,0.006839190223180112,0.010241863981742389,0.34026737585622774
2022-12-29 23:02:09.487608,-0.01975142586657607,-0.015469682055360503,0.4281743811215567
2022-12-30 23:02:09.487608,0.0023645431476942763,0.005836454221045679,0.34719110733514025
2023-01-02 23:02:09.487608,-0.006117864647683879,-0.002029287275473939,0.40885773722099406
2023-01-03 23:02:09.487608,0.00902433334796224,0.012797279395258347,0.3772946047296107
2023-01-04 23:02:09.487608,-0.007425207384327006,-0.004313412997184901,0.3111794387142105
2023-01-05 23:02:09.487608,-0.0006473644146689902,0.0035714176655252602,0.42187820801942505
2023-01-06 23:02:09.487608,0.0055498727898045715,0.009262589520232505,0.3712716730427933
2023-01-09 23:02:09.487608,0.009157551941701215,0.013260876942864215,0.4103325001162999
2023-01-10 23:02:09.487608,-0.011502964070557762,-0.007512034848499342,0.399092922205842
2023-01-11 23:02:09.487608,-0.002845012358409484,0.0006785508359042052,0.3523563194313689
2023-01-12 23:02:09.487608,-0.004249453111609562,-0.00015150367481052678,0.40979494367990354
2023-01-13 23:02:09.487608,-0.006033292325737119,-0.0014912571844092441,0.4542035141327874
2023-01-16 23:02:09.487608,0.01815454240281097,0.02222245920931379,0.40679168065028165
2023-01-17 23:02:09.487608,0.004549817109609555,0.008260182653862665,0.3710365544253109
2023-01-18 23:02:09.487608,-0.012108839543350451,-0.007927634573694959,0.4181204969655491
2023-01-19 23:02:09.487608,0.009678619470547762,0.013698559726266959,0.40199402557191966
2023-01-20 23:02:09.487608,0.021721561970126334,0.025557649421329307,0.38360874512029713
2023-01-23 23:02:09.487608,0.01082465260551147,0.014416383958624619,0.35917313531131495
2023-01-24 23:02:09.487608,-0.014693699659540134,-0.010697060060925578,0.3996639598614554
2023-01-25 23:02:09.487608,-0.004342340728662514,-0.00020864961684258308,0.4133691111819931
2023-01-26 23:02:09.487608,0.013169111491866227,0.016819864288931386,0.365075279706516
2023-01-27 23:02:09.487608,-0.006576694656187808,-0.0023681020136605713,0.4208592642527237
2023-01-30 23:02:09.487608,0.004938194281462284,0.00852935192176971,0.3591157640307426
2023-01-31 23:02:09.487608,0.008246340534293368,0.01176739106210135,0.3521050527807983
2023-02-01 23:02:09.487608,-0.008769304715780829,-0.004599693383039305,0.41696113327415235
2023-02-02 23:02:09.487608,-9.525356061800081e-05,0.003648445306435548,0.37436988670535487
2023-02-03 23:02:09.487608,-0.031912673400690726,-0.02781986332919413,0.40928100714965965
2023-02-06 23:02:09.487608,-0.009743876413342898,-0.006022869873380399,0.3721006539962499
2023-02-07 23:02:09.487608,-0.002025681513931603,0.0019250174841014722,0.39506989980330753
2023-02-08 23:02:09.487608,-0.011977831819648494,-0.00773849361243091,0.42393382072175845
2023-02-09 23:02:09.487608,0.016824113039316354,0.02091511473511462,0.40910016957982676
2023-02-10 23:02:09.487608,-0.013801413779606326,-0.01050280987736697,0.32986039022393554
2023-02-13 23:02:09.487608,-0.003900444866969838,-0.0003541638008294455,0.3546281066140392
2023-02-14 23:02:09.487608,0.0018074057728609135,0.006154326082468017,0.4346920309607103
2023-02-15 23:02:09.487608,0.014912732890661156,0.01893348110656952,0.4020748215908364
2023-02-16 23:02:09.487608,-0.013858621511794393,-0.01004126538387651,0.38173561279178836
2023-02-17 23:02:09.487608,0.012131637521549596,0.015604373790926579,0.34727362693769825
2023-02-20 23:02:09.487608,0.0006023306101958705,0.004265435583112966,0.3663104972917095
2023-02-21 23:02:09.487608,-0.00931508651047951,-0.006015460503930939,0.32996260065485705
2023-02-22 23:02:09.487608,0.005121034742632707,0.009029859517415896,0.390882477478319
2023-02-23 23:02:09.487608,0.0024905969557347005,0.006445680630810137,0.3955083675075436
2023-02-24 23:02:09.487608,-0.005502168771587946,-0.001838806961739351,0.36633618098485954
2023-02-27 23:02:09.487608,0.001198020849900189,0.005157900467919816,0.3959879618019627
2023-02-28 23:02:09.487608,-0.003353135968617602,0.0007807674394715433,0.41339034080891457
2023-03-01 23:02:09.487608,0.0016351734525124804,0.006164302272907849,0.4529128820395369
2023-03-02 23:02:09.487608,0.007121306745210467,0.010464488714376732,0.3343181969166266
2023-03-03 23:02:09.487608,0.016360168161453522,0.02050180802208537,0.4141639860631851
2023-03-06 23:02:09.487608,-0.01187815498826849,-0.0077636991951728,0.41144557930956904
2023-03-07 23:02:09.487608,0.021830333746562666,0.025178186892208715,0.3347853145646049
2023-03-08 23:02:09.487608,-0.01902087799522502,-0.01524796952082062,0.37729084744043995
2023-03-09 23:02:09.487608,-0.0010178509503558334,0.0025089250374618604,0.35267759878176935
2023-03-10 23:02:09.487608,0.006383172064845765,0.01021859720950988,0.38354251446641136
2023-03-13 23:02:09.487608,0.0033099186773503267,0.007387176749568259,0.40772580722179325
2023-03-14 23:02:09.487608,-0.005726995198205938,-0.0019266837096752558,0.3800311488530682
2023-03-15 23:02:09.487608,-0.0015812225035727523,0.0025375262199052477,0.41187487234779996
2023-03-16 23:02:09.487608,-0.004430009346588328,-0.0006421331375443579,0.378787620904397
2023-03-17 23:02:09.487608,-0.005393647569442115,-0.001994426096553344,0.33992214728887704
2023-03-20 23:02:09.487608,0.008996020970210248,0.012802876611600468,0.38068556413902205
2023-03-21 23:02:09.487608,0.0040701548596504735,0.008166631338113964,0.40964764784634905
2023-03-22 23:02:09.487608,-0.0064290959526065415,-0.0032731587909891596,0.3155937161617382
2023-03-23 23:02:09.487608,0.009495998754332508,0.01299866458137287,0.35026658270403627
2023-03-24 23:02:09.487608,0.003572995208766093,0.007397130174252538,0.3824134965486444
2023-03-27 23:02:09.487608,0.008628621188389602,0.012079234873162504,0.3450613684772902
2023-03-28 23:02:09.487608,0.0067962884192361225,0.010316615377160679,0.35203269579245566
2023-03-29 23:02:09.487608,-0.007789950109220723,-0.004130851200548062,0.3659098908672661
2023-03-30 23:02:09.487608,-0.005101810401969695,-0.0017954102220646452,0.330640017990505
2023-03-31 23:02:09.487608,0.007972936051232619,0.011349159566379174,0.3376223515146556
2023-04-03 23:02:09.487608,0.0066037026543346485,0.010419445441535984,0.3815742787201336
2023-04-04 23:02:09.487608,0.0002909840603585187,0.0037133232682750833,0.34223392079165643
2023-04-05 23:02:09.487608,0.00167327383308782,0.005189698601956566,0.3516424768868746
2023-04-06 23:02:09.487608,0.01327664895788425,0.01721041281433717,0.3933763856452917
2023-04-07 23:02:09.487608,-0.005415713888358299,-0.001055331790874834,0.4360382097483465
2023-04-10 23:02:09.487608,0.00597097381170038,0.010235946850067124,0.4264973038366744
2023-04-11 23:02:09.487608,-0.0015219265243389406,0.0026508535903268337,0.4172780114665774
2023-04-12 23:02:09.487608,-0.0016768120322722029,0.0025125791581636706,0.4189391190435873
2023-04-13 23:02:09.487608,0.011487768519871901,0.015295791475291346,0.38080229554194445
2023-04-14 23:02:09.487608,0.008754163489880298,0.013453401351527072,0.4699237861646772
2023-04-17 23:02:09.487608,0.008635096360006386,0.01320171491032798,0.45666185503215945
2023-04-18 23:02:09.487608,0.013554788071543292,0.017831824736432824,0.42770366648895325
2023-04-19 23:02:09.487608,0.0007100384163275905,0.005412428374123923,0.47023899577963324
2023-04-20 23:02:09.487608,0.0073195297129496385,0.011365386013218612,0.4045856300268973
2023-04-21 23:02:09.487608,-0.0026026675659345604,0.0020771384750441235,0.4679806040978684
2023-04-24 23:02:09.487608,0.003741663524884421,0.008144214457182638,0.44025509322982165
2023-04-25 23:02:09.487608,-0.0008014305436768458,0.003589454702755172,0.4390885246432018
2023-04-26 23:02:09.487608,0.0014699596499271818,0.0060086624606083185,0.4538702810681137
2023-04-27 23:02:09.487608,0.006451570254369137,0.010930336818324234,0.44787665639550955
2023-04-28 23:02:09.487608,-0.007682206832334724,-0.0028962798842998233,0.4785926948034901
2023-05-01 23:02:09.487608,0.021423872756854603,0.025614685266736294,0.419081250988169
2023-05-02 23:02:09.487608,-0.00956017381499702,-0.0052097362499775885,0.4350437565019431
2023-05-03 23:02:09.487608,-0.011641886127877322,-0.006758576155002778,0.48833099728745444
2023-05-04 23:02:09.487608,0.012081108735000679,0.01642520305924105,0.434409432424037
2023-05-05 23:02:09.487608,0.008416626939629359,0.013205715877077565,0.47890889374482065
2023-05-08 23:02:09.487608,0.006741198170521552,0.01168394055334417,0.4942742382822617
2023-05-09 23:02:09.487608,0.006783455092642799,0.011223253636592628,0.443979854394983
2023-05-10 23:02:09.487608,0.00037753227153085377,0.005246099037770661,0.4868566766239807
2023-05-11 23:02:09.487608,-0.008472543714858316,-0.004335607499698114,0.4136936215160202
2023-05-12 23:02:09.487608,0.0012580455819372633,0.005967831174465352,0.4709785592528088
2023-05-15 23:02:09.487608,-0.006271617115121118,-0.0016135587659482807,0.4658058349172837
2023-05-16 23:02:09.487608,0.010251197334177512,0.015063657107387881,0.4812459773210368
2023-05-17 23:02:09.487608,-0.0009705738150213865,0.0033745346998938024,0.4345108514915189
2023-05-18 23:02:09.487608,-0.0077549719679251145,-0.0038400273652510527,0.39149446026740614
2023-05-19 23:02:09.487608,-0.0027138584165299347,0.001873460035650761,0.45873184521806953
2023-05-22 23:02:09.487608,0.004629314542756243,0.008425057825277058,0.37957432825208154
2023-05-23 23:02:09.487608,-0.005137245528039748,-0.0006500067422625291,0.4487238785777219
2023-05-24 23:02:09.487608,-0.007722203955664314,-0.002769788083510698,0.49524158721536155
2023-05-25 23:02:09.487608,0.002936872114919123,0.0076480728387938535,0.47112007238747305
2023-05-26 23:02:09.487608,0.002949665711087228,0.008150633100936413,0.5200967389849184
2023-05-29 23:02:09.487608,-0.004569431753711297,0.0004273863337458904,0.49968180874571877
2023-05-30 23:02:09.487608,-0.004210383056183228,4.1472188929445736e-05,0.42518552451126734
2023-05-31 23:02:09.487608,0.002820499373576363,0.00737200185071235,0.4551502477135987
2023-06-01 23:02:09.487608,-0.013980843414973241,-0.00956507801389745,0.44157654010757896
2023-06-02 23:02:09.487608,-0.013574637743765551,-0.009437712972558795,0.4136924771206757
2023-06-05 23:02:09.487608,-0.00668444221252436,-0.002410975920780091,0.42734662917442684
2023-06-06 23:02:09.487608,-0.0016344715171184724,0.002779548372715773,0.4414019889834245
2023-06-07 23:02:09.487608,0.003609075655980046,0.007528248321550723,0.3919172665570677
2023-06-08 23:02:09.487608,0.01525356216949552,0.019808233160301746,0.45546709908062233
2023-06-09 23:02:09.487608,0.009076596232020194,0.013720665631241392,0.46440693992211995
2023-06-12 23:02:09.487608,-0.0010993852996342712,0.003051611770214138,0.4150997069848409
2023-06-13 23:02:09.487608,0.00030983792097311167,0.005055481853131425,0.4745643932158313
2023-06-14 23:02:09.487608,-0.009525293646378089,-0.004771458195160352,0.47538354512177367
2023-06-15 23:02:09.487608,0.0003148686400761007,0.004968928653104376,0.4654060013028275
2023-06-16 23:02:09.487608,-0.0023865863892013834,0.001961976844352161,0.43485632335535446
2023-06-19 23:02:09.487608,0.0037271856033808948,0.008176761579520516,0.44495759761396203
2023-06-20 23:02:09.487608,-0.00777230943552323,-0.0032755162631008727,0.44967931724223575
2023-06-21 23:02:09.487608,0.005693465142411723,0.009912288093723116,0.4218822951311393
2023-06-22 23:02:09.487608,0.015827389130025776,0.019511874850602566,0.3684485720576791
2023-06-23 23:02:09.487608,-0.0005876014845685759,0.0031996599998831326,0.37872614844517083
2023-06-26 23:02:09.487608,0.004517117220989415,0.008474094614532347,0.3956977393542931
2023-06-27 23:02:09.487608,0.007401439917111126,0.010802552070431504,0.3401112153320379
2023-06-28 23:02:09.487608,-0.0035122047188583627,0.0008761616147289395,0.43883663335873024
2023-06-29 23:02:09.487608,0.002740924818104168,0.0062534497683666345,0.35125249502624667
2023-06-30 23:02:09.487608,0.0006259240078179486,0.004183024037472838,0.3557100029654889
2023-07-03 23:02:09.487608,0.0014767609854883172,0.004793432763056964,0.3316671777568647
2023-07-04 23:02:09.487608,-0.0072300978385546645,-0.0035536736765617227,0.36764241619929416
2023-07-05 23:02:09.487608,0.0007451017425894272,0.003793919655116666,0.30488179125272385
2023-07-06 23:02:09.487608,0.005479982912454497,0.008857484231357437,0.33775013189029407
2023-07-07 23:02:09.487608,0.015011436077950418,0.01815825518695245,0.31468191090020325
2023-07-10 23:02:09.487608,0.01009270826085207,0.013776863549983295,0.36841552891312257
2023-07-11 23:02:09.487608,0.022031824575115565,0.026075581898276894,0.4043757323161329
2023-07-12 23:02:09.487608,-0.007173475628880495,-0.0033181910205539325,0.38552846083265624
2023-07-13 23:02:09.487608,0.009223206367206782,0.012098102280017191,0.28748959128104096
2023-07-14 23:02:09.487608,0.0023334200573835173,0.006506281405847432,0.4172861348463915
2023-07-17 23:02:09.487608,0.022398029332176723,0.025958317453386462,0.35602881212097365
2023-07-18 23:02:09.487608,-0.0075829828535515145,-0.004296124271386491,0.32868585821650237
2023-07-19 23:02:09.487608,-0.00789721842180776,-0.004269686678719969,0.362753174308779
2023-07-20 23:02:09.487608,-0.005493926454440221,-0.0018917611625972153,0.3602165291843006
2023-07-21 23:02:09.487608,-0.02073895724309807,-0.01725568421816984,0.34832730249282295
2023-07-24 23:02:09.487608,-0.004757550216807611,-0.0010364331588977875,0.37211170579098235
2023-07-25 23:02:09.487608,-0.007091326615536979,-0.0034596006892134556,0.36317259263235235
2023-07-26 23:02:09.487608,0.002003937864762076,0.0055917134341758575,0.35877755694137814
2023-07-27 23:02:09.487608,0.003917559757771595,0.007411462985047616,0.3493903227276021
2023-07-28 23:02:09.487608,0.019261708392158863,0.02246059539305726,0.31988870008983966
2023-07-31 23:02:09.487608,0.010004238381860504,0.013715165579566375,0.3710927197705871
2023-08-01 23:02:09.487608,-0.005269036556624031,-0.0014322326522315798,0.3836803904392451
2023-08-02 23:02:09.487608,-0.00848414671348358,-0.004842293850609292,0.36418528628742863
2023-08-03 23:02:09.487608,0.005419191715065058,0.008990332562441245,0.35711408473761874
2023-08-04 23:02:09.487608,-0.01270233207020642,-0.009238437378112458,0.3463894692093962
2023-08-07 23:02:09.487608,0.01881458765854354,0.021873234288660323,0.30586466301167825
2023-08-08 23:02:09.487608,0.01229440120721287,0.015884874151190984,0.3590472943978113
2023-08-09 23:02:09.487608,-0.004191756521047049,-0.0014415383680291705,0.2750218153017878
2023-08-10 23:02:09.487608,-0.016631345290908775,-0.013820105875414287,0.2811239415494488
2023-08-11 23:02:09.487608,0.01403872374165413,0.016921717415606982,0.28829936739528533
2023-08-14 23:02:09.487608,-0.0006453984525261788,0.0031473237308624873,0.3792722183388666
2023-08-15 23:02:09.487608,0.012878163119734618,0.016511295659096994,0.3633132539362377
2023-08-16 23:02:09.487608,-0.01544427658794367,-0.011996366612387097,0.34479099755565723
2023-08-17 23:02:09.487608,-0.0054937502295377295,-0.0017350546687007911,0.3758695560836938
2023-08-18 23:02:09.487608,0.0005524369971818317,0.003720087477633627,0.3167650480451795
2023-08-21 23:02:09.487608,0.0009698059376474206,0.004482773635484492,0.3512967697837071
2023-08-22 23:02:09.487608,-0.004000654714792436,-0.0005162711100796013,0.3484383604712835
2023-08-23 23:02:09.487608,0.006728499323474987,0.010309297789831364,0.35807984663563763
2023-08-24 23:02:09.487608,-0.010176204293825944,-0.006975787634680245,0.32004166591456995
2023-08-25 23:02:09.487608,-0.0009237948502129349,0.0024116233263426212,0.33354181765555563
2023-08-28 23:02:09.487608,0.0017029563171189887,0.005263507381740148,0.3560551064621159
2023-08-29 23:02:09.487608,0.005644388340587491,0.009431889950254558,0.3787501609667068
2023-08-30 23:02:09.487608,0.007616148780888898,0.010976627363333952,0.3360478582445054
2023-08-31 23:02:09.487608,-0.010746420918378692,-0.007189413889782671,0.35570070285960215
2023-09-01 23:02:09.487608,-0.014841141707356223,-0.011522866734148887,0.33182749732073347
2023-09-04 23:02:09.487608,0.013276768218985092,0.016128291372631925,0.28515231536468344
2023-09-05 23:02:09.487608,0.0038231401197959167,0.00739053648781986,0.3567396368023943
2023-09-06 23:02:09.487608,-0.006984865365565536,-0.0031930781301076653,0.3791787235457871
2023-09-07 23:02:09.487608,0.016011519755225228,0.01973937462622898,0.37278548710037523
2023-09-08 23:02:09.487608,0.0016567463429285867,0.004696724882584947,0.303997853965636
2023-09-11 23:02:09.487608,0.012292971840638265,0.015816842459504314,0.352387061886605
2023-09-12 23:02:09.487608,0.0011751848141010896,0.003927186789391319,0.27520019752902297
2023-09-13 23:02:09.487608,0.021107479248819873,0.025010699507465612,0.39032202586457393
2023-09-14 23:02:09.487608,0.018053408424432045,0.021243650756324773,0.3190242331892727
2023-09-15 23:02:09.487608,-0.0019896414847907352,0.001910691893925317,0.3900333378716052
2023-09-18 23:02:09.487608,0.010215709509543555,0.01402604385455543,0.3810334345011875
2023-09-19 23:02:09.487608,0.006953759495851475,0.009951124165130465,0.299736466927899
2023-09-20 23:02:09.487608,0.014186315575323488,0.01718823691082921,0.3001921335505723
2023-09-21 23:02:09.487608,-0.009149234605801044,-0.0054050647666115635,0.37441698391894807
2023-09-22 23:02:09.487608,0.007360514599984394,0.010674894042147592,0.33143794421631967
2023-09-25 23:02:09.487608,0.011084244868495878,0.014828067886880498,0.374382301838462
2023-09-26 23:02:09.487608,-0.017087394864231144,-0.013490398880026806,0.35969959842043386
2023-09-27 23:02:09.487608,-0.011332585126657751,-0.00805892119298055,0.32736639336772017
2023-09-28 23:02:09.487608,-0.019892321777601005,-0.016691350605081322,0.32009711725196843
2023-09-29 23:02:09.487608,-0.0021940683444455775,0.0018341958217003677,0.4028264166145945
2023-10-02 23:02:09.487608,0.007675422557959624,0.011364146770311171,0.3688724212351548
2023-10-03 23:02:09.487608,0.015523570520960282,0.019440307337761274,0.3916736816800992
2023-10-04 23:02:09.487608,0.0012409478041977519,0.005620448697682579,0.43795008934848273
2023-10-05 23:02:09.487608,0.01678615545571292,0.02133268793301953,0.45465324773066096
2023-10-06 23:02:09.487608,-0.013301014582148914,-0.009148047758343075,0.4152966823805838
2023-10-09 23:02:09.487608,-0.016533824393551548,-0.012568644869508993,0.3965179524042556
2023-10-10 23:02:09.487608,-5.547698896618775e-05,0.004131464956162879,0.41869419451290674
2023-10-11 23:02:09.487608,0.004340654489393072,0.008035522525627064,0.36948680362339914
2023-10-12 23:02:09.487608,0.00017305251905906887,0.004416322802266708,0.4243270283207639
2023-10-13 23:02:09.487608,-0.020174421000398766,-0.015941735022585883,0.4232685977812881
2023-10-16 23:02:09.487608,-0.00039120039512788405,0.003965046680635551,0.43562470757634353
2023-10-17 23:02:09.487608,-0.012544695005048533,-0.008885694761841902,0.3659000243206631
2023-10-18 23:02:09.487608,0.0071967254883003855,0.011105469833294666,0.39087443449942805
2023-10-19 23:02:09.487608,0.0041659824609684825,0.008035495333053424,0.38695128720849403
2023-10-20 23:02:09.487608,-0.008898797863273552,-0.004699526025768004,0.4199271837505547
2023-10-23 23:02:09.487608,-0.004638669173366935,-0.0003437450309701261,0.42949241423968093
2023-10-24 23:02:09.487608,-0.010092135218889516,-0.0056203631513761865,0.447177206751333
2023-10-25 23:02:09.487608,-0.00012679097273171874,0.0036435738768547383,0.3770364849586457
2023-10-26 23:02:09.487608,0.010051423205012384,0.013760574239734157,0.3709151034721772
2023-10-27 23:02:09.487608,-0.009357260463355437,-0.0051745951303464825,0.41826653330089536
2023-10-30 23:02:09.487608,0.005540465155178444,0.009479960570453264,0.39394954152748196
2023-10-31 23:02:09.487608,-0.004802576183724408,-0.0008211796262182535,0.3981396557506155
2023-11-01 23:02:09.487608,-0.007428728322623441,-0.003604076646848636,0.38246516757748045
2023-11-02 23:02:09.487608,-0.0005703035995455782,0.002973950887269196,0.3544254486814774
2023-11-03 23:02:09.487608,-0.00985242322419374,-0.006394096344624877,0.3458326879568863
2023-11-06 23:02:09.487608,-0.00503649305347182,-0.0015818961820245722,0.3454596871447248
2023-11-07 23:02:09.487608,-0.011478778925888484,-0.0074122277504555,0.4066551175432984
2023-11-08 23:02:09.487608,0.020147251329163892,0.024484206640547377,0.4336955311383486
2023-11-09 23:02:09.487608,0.0008526355197172862,0.00555169836679611,0.4699062847078823
2023-11-10 23:02:09.487608,-0.006497255079925856,-0.0019996647821206495,0.4497590297805207
2023-11-13 23:02:09.487608,0.00263979910734222,0.007217649567518128,0.45778504601759074
2023-11-14 23:02:09.487608,-0.0006232804969082983,0.003452097174794884,0.4075377671703182
2023-11-15 23:02:09.487608,-0.00170969599533223,0.002195932772706332,0.3905628768038562
2023-11-16 23:02:09.487608,0.006641667000434252,0.01118139968772218,0.4539732687287926
2023-11-17 23:02:09.487608,0.008075077100473052,0.012441279541188534,0.4366202440715482
2023-11-20 23:02:09.487608,-0.004805011476105275,-0.0006101816200914717,0.41948298560138025
2023-11-21 23:02:09.487608,-0.0052581824064468,-0.0009068517398337708,0.4351330666613029
2023-11-22 23:02:09.487608,-0.0022505169715164404,0.002205300166572389,0.4455817138088829
2023-11-23 23:02:09.487608,-0.022519211647355847,-0.017712412411016776,0.4806799236339071
2023-11-24 23:02:09.487608,-0.014651910621985523,-0.009850028522597531,0.4801882099387991
2023-11-27 23:02:09.487608,0.014168742674445248,0.018588410402963586,0.4419667728518338
2023-11-28 23:02:09.487608,0.016949677135012838,0.021394665658909233,0.44449885238963965
2023-11-29 23:02:09.487608,-0.001990360395563783,0.002400515502674218,0.43908758982380014
2023-11-30 23:02:09.487608,0.006265569630557664,0.010380819801522573,0.4115250170964909
2023-12-01 23:02:09.487608,0.003612501545435361,0.008067418310571105,0.44549167651357435
2023-12-04 23:02:09.487608,0.03128880808455237,0.03501834490441335,0.3729536819860974
2023-12-05 23:02:09.487608,0.011695749114345769,0.01639880996194234,0.47030608475965685
2023-12-06 23:02:09.487608,-0.0007791759148076654,0.0032598938527155993,0.4039069767523265
2023-12-07 23:02:09.487608,-0.009055404406004258,-0.004691268301871181,0.4364136104133077
2023-12-08 23:02:09.487608,-0.015564463202575724,-0.011361838142331038,0.4202625060244687
2023-12-11 23:02:09.487608,0.002534636358672231,0.007041840395804119,0.4507204037131888
2023-12-12 23:02:09.487608,-0.007063507452843034,-0.002846155435143557,0.42173520176994767
2023-12-13 23:02:09.487608,-0.013722537095976742,-0.009933052872546054,0.37894842234306886
2023-12-14 23:02:09.487608,-0.005965728842425265,-0.0015424530191031696,0.44232758233220953
2023-12-15 23:02:09.487608,-0.010315480036143949,-0.006156738188641611,0.4158741847502338
2023-12-18 23:02:09.487608,0.017371416350725647,0.021935522756128627,0.4564106405402981
2023-12-19 23:02:09.487608,0.009316397569494506,0.01352318357514995,0.4206786005655443
2023-12-20 23:02:09.487608,0.0004202735868338263,0.004641272965602191,0.4220999378768365
2023-12-21 23:02:09.487608,0.01529944138890026,0.019225239232686524,0.39257978437862656
2023-12-22 23:02:09.487608,0.001273683076476183,0.005178642187707528,0.39049591112313453
2023-12-25 23:02:09.487608,-0.008112842013282636,-0.004044713590325999,0.40681284229566367
2023-12-26 23:02:09.487608,0.015731240772696574,0.020278119116239227,0.4546878343542654
2023-12-27 23:02:09.487608,0.005889100436846586,0.010903273511483524,0.5014173074636936
2023-12-28 23:02:09.487608,-0.009872461543264564,-0.005583157241523164,0.42893043017414
2023-12-29 23:02:09.487608,-0.001403386780836082,0.003423637527030966,0.4827024307867048
2024-01-01 23:02:09.487608,-0.008256182533847571,-0.004463890012860645,0.37922925209869257
2024-01-02 23:02:09.487608,-0.01332799730964336,-0.009216636554167545,0.4111360755475814
2024-01-03 23:02:09.487608,0.009761775475316415,0.014103928940911746,0.43421534655953303
2024-01-04 23:02:09.487608,0.019594166404701307,0.023770474662896435,0.41763082581951283
2024-01-05 23:02:09.487608,-0.013485675738191412,-0.009393622297083432,0.4092053441107981
2024-01-08 23:02:09.487608,0.006129692366905708,0.010857077163279182,0.4727384796373472
2024-01-09 23:02:09.487608,-0.006006425691218269,-0.0015769834489065921,0.4429442242311677
2024-01-10 23:02:09.487608,-0.004371253837646961,0.00011067588922631776,0.44819297268732783
2024-01-11 23:02:09.487608,-0.005423939242388692,-0.0006090552831208356,0.4814883959267856
2024-01-12 23:02:09.487608,-0.008139907696798161,-0.003415225303707836,0.47246823930903253
2024-01-15 23:02:09.487608,0.00098521627944827,0.00576749041624708,0.47822741367988103
2024-01-16 23:02:09.487608,-0.007809501164110378,-0.0032881348494287546,0.4521366314681623
2024-01-17 23:02:09.487608,0.003204568257798388,0.00737585073595147,0.41712824781530816
2024-01-18 23:02:09.487608,-2.381094491369566e-06,0.004915505349470293,0.49178864439616626
2024-01-19 23:02:09.487608,-0.0018894804686640974,0.002665521574896063,0.455500204356016
2024-01-22 23:02:09.487608,-0.008575636620415978,-0.004318419606046592,0.42572170143693866
2024-01-23 23:02:09.487608,-0.005267713305683328,-0.0006200653406963595,0.4647647964986968
2024-01-24 23:02:09.487608,0.008053912258257561,0.01250806019906802,0.44541479408104595
2024-01-25 23:02:09.487608,0.005509171876243807,0.01016759424689456,0.4658422370650753
2024-01-26 23:02:09.487608,-0.009275552447985511,-0.004480729416310275,0.4794823031675236
2024-01-29 23:02:09.487608,0.0014933230542922588,0.006285052351676454,0.4791729297384195
2024-01-30 23:02:09.487608,0.008013871233717891,0.012326409228359286,0.43125379946413955
2024-01-31 23:02:09.487608,-0.016194052811213718,-0.011734800392264358,0.445925241894936
2024-02-01 23:02:09.487608,0.005933601923799351,0.010823699298720272,0.489009737492092
2024-02-02 23:02:09.487608,-0.006126237589458468,-0.001488942975966587,0.463729461349188
2024-02-05 23:02:09.487608,0.006205986685931593,0.011418444938567737,0.5212458252636145
2024-02-06 23:02:09.487608,-0.007132591565425169,-0.002172185697300391,0.49604058681247776
2024-02-07 23:02:09.487608,-0.01754882100664519,-0.01258908112944029,0.49597398772048995
2024-02-08 23:02:09.487608,-0.015775424378831625,-0.01153965739469882,0.4235766984132806
2024-02-09 23:02:09.487608,0.0009808494666138198,0.006086076432403987,0.5105226965790166
2024-02-12 23:02:09.487608,0.003097225017214819,0.007818785317605053,0.47215603003902346
2024-02-13 23:02:09.487608,-0.008543166251044086,-0.00414137830601965,0.4401787945024436
2024-02-14 23:02:09.487608,0.006885924587773739,0.01175387093666437,0.48679463488906305
2024-02-15 23:02:09.487608,-0.016115200622689597,-0.011002970048646338,0.5112230574043259
2024-02-16 23:02:09.487608,-0.0001607979864731657,0.0049715896961274614,0.5132387682600628
2024-02-19 23:02:09.487608,-0.011610161997624567,-0.007067099613784016,0.4543062383840551
2024-02-20 23:02:09.487608,-0.0060183610780215925,-0.0008286828849205473,0.5189678193101045
2024-02-21 23:02:09.487608,0.0009739867131641402,0.00583152332610135,0.485753661293721
2024-02-22 23:02:09.487608,-0.008104133652839523,-0.0027723344829527433,0.533179916988678
2024-02-23 23:02:09.487608,-0.0033455554422982536,0.0017605430352702137,0.5106098477568467
2024-02-26 23:02:09.487608,0.010562928092144406,0.015584577820455624,0.5021649728311218
2024-02-27 23:02:09.487608,-0.005268918695231488,-2.0523762903285406e-06,0.5266866318941159
2024-02-28 23:02:09.487608,0.00885692112065142,0.01372187879992802,0.4864957679276601
2024-02-29 23:02:09.487608,-0.01079706854657618,-0.004810470683003686,0.5986597863572495
2024-03-01 23:02:09.487608,0.005798041779152828,0.010673356715416166,0.4875314936263339
2024-03-04 23:02:09.487608,0.014915686206579005,0.019980789422237095,0.5065103215658091
2024-03-05 23:02:09.487608,-0.024216445001272895,-0.018612644357977548,0.5603800643295347
2024-03-06 23:02:09.487608,-0.007468952554704767,-0.001714463194782378,0.5754489359922389
2024-03-07 23:02:09.487608,0.006270721271805401,0.011759900051112764,0.5489178779307363
2024-03-08 23:02:09.487608,-0.0015304538604299267,0.004139100159597521,0.5669554020027447
2024-03-11 23:02:09.487608,0.004211458733713088,0.010022840482094768,0.581138174838168
2024-03-12 23:02:09.487608,-0.0055398518671582065,0.00023184454200675473,0.5771696409164961
2024-03-13 23:02:09.487608,0.0013658978747289993,0.007454307092779545,0.6088409218050544
2024-03-14 23:02:09.487608,-0.0010567723539207949,0.00464719292546722,0.5703965279388015
2024-03-15 23:02:09.487608,0.012177820616598074,0.017991040812115253,0.581322019551718
2024-03-18 23:02:09.487608,0.0030442084330121314,0.008511598903747636,0.5467390470735505
2024-03-19 23:02:09.487608,0.0038760266207520217,0.009475044321358537,0.5599017700606516
2024-03-20 23:02:09.487608,-0.0036187696612246735,0.0019500694797230313,0.5568839140947704
2024-03-21 23:02:09.487608,-0.004376062240724935,0.0009166948667352574,0.5292757107460192
2024-03-22 23:02:09.487608,-0.0038255818781962095,0.0018504959122569871,0.5676077790453197
2024-03-25 23:02:09.487608,0.004444521423782969,0.00996787240121199,0.552335097742902
2024-03-26 23:02:09.487608,-0.0037098448082026297,0.0020738239309704963,0.5783668739173126
2024-03-27 23:02:09.487608,0.003397748568964129,0.008601557762562368,0.5203809193598239
2024-03-28 23:02:09.487608,0.02125400798645439,0.027259565853486073,0.6005557867031686
2024-03-29 23:02:09.487608,0.009211247034316925,0.014083048685435154,0.487180165111823
2024-04-01 23:02:09.487608,-0.0027602353216784115,0.002757305872213288,0.55175411938917
2024-04-02 23:02:09.487608,0.012512139221639448,0.0182384287402405,0.5726289518601051
2024-04-03 23:02:09.487608,-0.0035807537302155142,0.0016641516023929944,0.5244905332608508
2024-04-04 23:02:09.487608,-0.01988124535177854,-0.014176919802366277,0.5704325549412261
2024-04-05 23:02:09.487608,-0.00958086310917404,-0.0043777612759986284,0.5203101833175411
2024-04-08 23:02:09.487608,-0.018207919210258557,-0.012184680695864626,0.6023238514393932
2024-04-09 23:02:09.487608,-0.003015134840413087,0.00265094890141316,0.5666083741826247
2024-04-10 23:02:09.487608,0.000684183791895517,0.006208636893868555,0.5524453101973038
2024-04-11 23:02:09.487608,0.017264373122752828,0.02280198941293236,0.5537616290179532
2024-04-12 23:02:09.487608,0.0037692737376416267,0.009744932344241524,0.5975658606599897
2024-04-15 23:02:09.487608,-0.0016910052880886426,0.00377204865394693,0.5463053942035573
2024-04-16 23:02:09.487608,0.008794055811834893,0.014326143081924026,0.5532087270089132
2024-04-17 23:02:09.487608,-0.02161135309007885,-0.01600175332557982,0.5609599764499031
2024-04-18 23:02:09.487608,0.0028561455810856592,0.00809104276917436,0.52348971880887
2024-04-19 23:02:09.487608,0.008208651938869669,0.014545345022545156,0.6336693083675488
2024-04-22 23:02:09.487608,-0.014285862457798415,-0.008867136780395933,0.5418725677402483
2024-04-23 23:02:09.487608,0.011937540432069292,0.01781173420453014,0.5874193772460847
2024-04-24 23:02:09.487608,0.0038849640749441415,0.009833273056973438,0.5948308982029297
2024-04-25 23:02:09.487608,-0.0036528791390080125,0.0021096516115542926,0.5762530750562305
2024-04-26 23:02:09.487608,0.006827818661062848,0.012969677104822094,0.6141858443759246
2024-04-29 23:02:09.487608,0.023206928578043958,0.02963457069100525,0.6427642112961292
2024-04-30 23:02:09.487608,0.0023186625505849517,0.008543922858527554,0.62252603079426
2024-05-01 23:02:09.487608,0.002982205863003361,0.009517147344453995,0.6534941481450635
2024-05-02 23:02:09.487608,-0.004093608995402441,0.0022300543148946585,0.63236633102971
2024-05-03 23:02:09.487608,-0.007998443694647918,-0.0018595969965140482,0.613884669813387
2024-05-06 23:02:09.487608,0.008803358165442457,0.014558711037441913,0.5755352871999454
2024-05-07 23:02:09.487608,-0.008060838259088671,-0.002460862637791178,0.5599975621297494
2024-05-08 23:02:09.487608,0.0012156623721939247,0.007046569746182958,0.5830907373989034
2024-05-09 23:02:09.487608,-0.004276574467651166,0.0017389496217284101,0.6015524089379576
2024-05-10 23:02:09.487608,0.005289798257463918,0.01174932258945847,0.6459524331994551
2024-05-13 23:02:09.487608,0.003836621052869483,0.009355918481843403,0.551929742897392
2024-05-14 23:02:09.487608,0.010875399442578993,0.017080037341444615,0.6204637898865619
2024-05-15 23:02:09.487608,-0.0046001639885474704,0.0016664477189032509,0.6266611707450721
2024-05-16 23:02:09.487608,-0.0021987493529337125,0.003912954465190947,0.611170381812466
2024-05-17 23:02:09.487608,-0.009287637157823074,-0.002520882056556829,0.6766755101266244
2024-05-20 23:02:09.487608,-0.003942932600761116,0.0025387542628772736,0.648168686363839
2024-05-21 23:02:09.487608,0.0042730049304485224,0.010964195179859677,0.6691190249411154
2024-05-22 23:02:09.487608,0.00806988616645352,0.014139434398288495,0.6069548231834977
2024-05-23 23:02:09.487608,-0.008721653241776255,-0.002231944245087026,0.6489708996689229
2024-05-24 23:02:09.487608,0.009196059201056603,0.015926887422826885,0.6730828221770281
2024-05-27 23:02:09.487608,0.01405637858804951,0.020631085366691868,0.657470677864236
2024-05-28 23:02:09.487608,0.004634349032237009,0.010497486059740525,0.5863137027503516
2024-05-29 23:02:09.487608,0.01926795812558066,0.02530642305299669,0.6038464927416031
2024-05-30 23:02:09.487608,-0.007237891991035731,-0.001288460561665013,0.5949431429370717
2024-05-31 23:02:09.487608,-0.01194654703311417,-0.005697406353231148,0.6249140679883022
2024-06-03 23:02:09.487608,-0.017287202489042787,-0.011082432329292952,0.6204770159749835
2024-06-04 23:02:09.487608,0.015460443114891831,0.02118835813443553,0.57279150195437
2024-06-05 23:02:09.487608,0.007043656563540578,0.013104682075056948,0.606102551151637
2024-06-06 23:02:09.487608,-5.5846709104550706e-05,0.0052571873336740935,0.5313034042778645
2024-06-07 23:02:09.487608,0.003299686263198203,0.009825076585543529,0.6525390322345326
2024-06-10 23:02:09.487608,-0.010754890472983765,-0.0048667518778087145,0.588813859517505
2024-06-11 23:02:09.487608,0.024957519796168264,0.03109560823389079,0.6138088437722524
2024-06-12 23:02:09.487608,0.0017922118197522751,0.00803033033008541,0.6238118510333135
2024-06-13 23:02:09.487608,0.001593947946048929,0.008028947268833464,0.6434999322784535
2024-06-14 23:02:09.487608,0.00775766623898692,0.012852087653424538,0.5094421414437619
2024-06-17 23:02:09.487608,0.005310092317367133,0.011436075462977183,0.612598314561005
2024-06-18 23:02:09.487608,0.0027388402427913137,0.009056735718330768,0.6317895475539453
2024-06-19 23:02:09.487608,-0.007404744554453118,-0.0013253542760685907,0.6079390278384528
2024-06-20 23:02:09.487608,0.005214683571359957,0.011943296418256578,0.6728612846896621
2024-06-21 23:02:09.487608,0.01932024496475034,0.025171755391216348,0.5851510426466009
2024-06-24 23:02:09.487608,0.013954200461549778,0.020335796875068327,0.6381596413518549
2024-06-25 23:02:09.487608,0.016431866266393973,0.02300359679369765,0.6571730527303679
2024-06-26 23:02:09.487608,-0.004612156764311851,0.0020834219295912176,0.6695578693903068
2024-06-27 23:02:09.487608,-0.009396048202585808,-0.003376066939282613,0.6019981263303195
2024-06-28 23:02:09.487608,-0.0007578692009964814,0.005436759951456854,0.6194629152453335
2024-07-01 23:02:09.487608,0.001057249122886946,0.007611206128669514,0.6553957005782568
2024-07-02 23:02:09.487608,0.011441915184709486,0.017751135022633212,0.6309219837923727
2024-07-03 23:02:09.487608,-0.016424646297148193,-0.010713180101859303,0.5711466195288889
2024-07-04 23:02:09.487608,0.015795503194606136,0.02174565574592731,0.5950152551321174
2024-07-05 23:02:09.487608,-0.0010800789857898943,0.005164623930057002,0.6244702915846896
2024-07-08 23:02:09.487608,-0.0037688106994742004,0.0027778070167330878,0.6546617716207288
2024-07-09 23:02:09.487608,-0.009621043752601675,-0.003518829391378121,0.6102214361223554
2024-07-10 23:02:09.487608,-0.016048566718657693,-0.010573240062294612,0.547532665636308
2024-07-11 23:02:09.487608,0.008731705839619146,0.015284376664737209,0.6552670825118062
2024-07-12 23:02:09.487608,0.001233179671884039,0.007358858522422515,0.6125678850538476
2024-07-15 23:02:09.487608,-0.012399608997410539,-0.006519057638726365,0.5880551358684174
2024-07-16 23:02:09.487608,-0.012450787720636161,-0.0069299433307037014,0.552084438993246
2024-07-17 23:02:09.487608,-0.0028578469929012823,0.00393985090035423,0.6797697893255513
2024-07-18 23:02:09.487608,0.01719021525289393,0.023800128298534555,0.6609913045640625
2024-07-19 23:02:09.487608,-0.002095913513636048,0.004152207619801604,0.6248121133437652
2024-07-22 23:02:09.487608,-0.014531429531181061,-0.007763814182118149,0.6767615349062912
2024-07-23 23:02:09.487608,-0.0019574306408594432,0.004383530563079261,0.6340961203938704
2024-07-24 23:02:09.487608,-0.002227235697476705,0.004336297364037293,0.6563533061513998
2024-07-25 23:02:09.487608,-0.026468866429415715,-0.020905578304796096,0.5563288124619619
2024-07-26 23:02:09.487608,-4.294866517812212e-05,0.005973074797227037,0.6016023462405159
2024-07-29 23:02:09.487608,-0.0018093453020867796,0.0037956122521172917,0.5604957554204071
2024-07-30 23:02:09.487608,0.007462063648134183,0.013602134531738964,0.614007088360478
2024-07-31 23:02:09.487608,0.018989560949453452,0.024997431761776833,0.6007870812323379
2024-08-01 23:02:09.487608,0.011765650295477574,0.018156818198463296,0.6391167902985722
2024-08-02 23:02:09.487608,-0.0021888869055483057,0.004064734834104935,0.625362173965324
2024-08-05 23:02:09.487608,-0.010565259087416703,-0.004151581114289242,0.6413677973127461
2024-08-06 23:02:09.487608,0.026233598032498605,0.03266304489156132,0.6429446859062713
2024-08-07 23:02:09.487608,0.0010921843401448827,0.008003490559477326,0.6911306219332443
2024-08-08 23:02:09.487608,0.0006392929191294621,0.006744650258268015,0.6105357339138553
2024-08-09 23:02:09.487608,0.00025874912889996726,0.00610274056929981,0.5843991440399843
2024-08-12 23:02:09.487608,0.0024808476076785494,0.008623475422389865,0.6142627814711314
2024-08-13 23:02:09.487608,-0.0009436041192394248,0.005156364616051031,0.6099968735290455
2024-08-14 23:02:09.487608,-0.005236620068802362,0.0014991230221545748,0.6735743090956937
2024-08-15 23:02:09.487608,-0.004968589412403921,0.0010099025911365902,0.5978492003540511
2024-08-16 23:02:09.487608,0.00017246729784001615,0.006015066759528929,0.5842599461688912
2024-08-19 23:02:09.487608,-0.0049342477113376495,0.0009562356444665233,0.5890483355804172
2024-08-20 23:02:09.487608,-0.006628457826771643,-0.00016369077463468124,0.6464767052136962
2024-08-21 23:02:09.487608,0.0015643022769189683,0.007484632061570705,0.5920329784651737
2024-08-22 23:02:09.487608,-0.0020497721742085526,0.003774738259444859,0.5824510433653411
2024-08-23 23:02:09.487608,0.015539929885826887,0.02210648173918943,0.6566551853362543
2024-08-26 23:02:09.487608,-0.02600969808393012,-0.020193066022854637,0.5816632061075485
2024-08-27 23:02:09.487608,0.011415068519224619,0.017575010694637558,0.615994217541294
2024-08-28 23:02:09.487608,0.01296085192497629,0.019355364397243176,0.6394512472266884
2024-08-29 23:02:09.487608,-0.020233902324081496,-0.014477701065934523,0.5756201258146973
2024-08-30 23:02:09.487608,-0.002926875940803488,0.00340541490377816,0.6332290844581647
2024-09-02 23:02:09.487608,-0.0032144086599579145,0.0026807086740401266,0.5895117333998041
2024-09-03 23:02:09.487608,-0.013575116947178213,-0.007045223753806096,0.6529893193372116
2024-09-04 23:02:09.487608,-0.007278166875908753,-0.001516295567764064,0.5761871308144688
2024-09-05 23:02:09.487608,-0.010605758454658288,-0.004221550274018253,0.6384208180640035
2024-09-06 23:02:09.487608,0.018022704434236227,0.024474778907204165,0.6452074472967937
2024-09-09 23:02:09.487608,0.009856783931474612,0.01630128878047624,0.6444504849001629
2024-09-10 23:02:09.487608,0.013215550949941588,0.019359055577004458,0.6143504627062871
2024-09-11 23:02:09.487608,0.007716720640432351,0.013675543358198882,0.5958822717766532
2024-09-12 23:02:09.487608,-0.010790517712172291,-0.005021707029765593,0.5768810682406698
2024-09-13 23:02:09.487608,-0.004745202662797737,0.0016007241746202484,0.6345926837417986
2024-09-16 23:02:09.487608,0.005393745612279181,0.011240475570018829,0.5846729957739648
2024-09-17 23:02:09.487608,-0.011721278088919453,-0.00600936556821728,0.5711912520702174
2024-09-18 23:02:09.487608,0.007629984301723881,0.013918901236551085,0.6288916934827204
2024-09-19 23:02:09.487608,-0.0019032539815813502,0.004070367353745299,0.5973621335326649
2024-09-20 23:02:09.487608,-0.003248208075495975,0.0026335781625066884,0.5881786238002663
2024-09-23 23:02:09.487608,0.0076095996820349145,0.013448720157222946,0.5839120475188031
2024-09-24 23:02:09.487608,0.004942633114860397,0.011069984513601845,0.6127351398741447
2024-09-25 23:02:09.487608,-0.0031096616581907993,0.0031684064463097968,0.6278068104500596
2024-09-26 23:02:09.487608,0.012093298033642482,0.018436326584815595,0.6343028551173111
2024-09-27 23:02:09.487608,-0.010310633275998973,-0.0035850834468707377,0.6725549829128236
2024-09-30 23:02:09.487608,0.006659356069442637,0.013188655503321984,0.6529299433879346
2024-10-01 23:02:09.487608,0.006431012579683837,0.012913789868572279,0.648277728888844
2024-10-02 23:02:09.487608,-0.002595464393139903,0.0040293703851998226,0.6624834778339725
2024-10-03 23:02:09.487608,0.00376133022242118,0.010462750504631,0.670142028220982
2024-10-04 23:02:09.487608,-0.012011135763853029,-0.005115390570718165,0.6895745193134863
2024-10-07 23:02:09.487608,0.00974027019206901,0.016428499488897564,0.6688229296828553
2024-10-08 23:02:09.487608,-0.0013490213644298903,0.005190423612904908,0.6539444977334798
2024-10-09 23:02:09.487608,-0.004727230205190395,0.0017499821186294437,0.6477212323819839
2024-10-10 23:02:09.487608,0.010990092258368894,0.01748996244011691,0.6499870181748014
2024-10-11 23:02:09.487608,-0.006543436905427592,0.0006631416138720495,0.7206578519299641
2024-10-14 23:02:09.487608,-0.013584612963635596,-0.006409728361736054,0.7174884601899542
2024-10-15 23:02:09.487608,-0.015066291735239037,-0.007937054872636438,0.7129236862602599
2024-10-16 23:02:09.487608,0.006560099513456397,0.013469373642669424,0.6909274129213027
2024-10-17 23:02:09.487608,-0.012304293524962831,-0.004885315816560628,0.7418977708402203
2024-10-18 23:02:09.487608,0.018047941819843646,0.025032738332691172,0.6984796512847526
2024-10-21 23:02:09.487608,-0.02031929407883722,-0.012986046769028424,0.7333247309808796
2024-10-22 23:02:09.487608,0.017464563682900384,0.024551999395364912,0.7087435712464528
2024-10-23 23:02:09.487608,0.002610174672026184,0.009462109145306508,0.6851934473280324
2024-10-24 23:02:09.487608,-0.00046713111870392394,0.006659203450146822,0.7126334568850746
2024-10-25 23:02:09.487608,-0.004949190868089497,0.0020723150603695843,0.7021505928459081
2024-10-28 23:02:09.487608,0.0044913611435207085,0.011409224598295391,0.6917863454774683
2024-10-29 23:02:09.487608,0.00012365297575151634,0.0069823648048243595,0.6858711829072843
2024-10-30 23:02:09.487608,0.011533018820165216,0.01823890644975172,0.6705887629586503
2024-10-31 23:02:09.487608,0.0016422764866203966,0.009422696163591128,0.7780419676970731
2024-11-01 23:02:09.487608,0.002003017614618776,0.009608271104874295,0.7605253490255519
2024-11-04 23:02:09.487608,-0.0031361221221385587,0.004306414850161658,0.7442536972300217
2024-11-05 23:02:09.487608,-6.945623721067457e-05,0.007081119212728696,0.715057544993937
2024-11-06 23:02:09.487608,0.0035780176889205918,0.011226227346626302,0.7648209657705711
2024-11-07 23:02:09.487608,-0.016601683926566257,-0.009019876508446602,0.7581807418119655
2024-11-08 23:02:09.487608,-0.01298185422105713,-0.005707888811462716,0.7273965409594414
2024-11-11 23:02:09.487608,0.00793264094022715,0.015019784195426628,0.7087143255199477
2024-11-12 23:02:09.487608,0.0022086543812794186,0.009330435894475303,0.7121781513195884
2024-11-13 23:02:09.487608,-0.0013398333635267913,0.0049217090157659205,0.6261542379292712
2024-11-14 23:02:09.487608,0.0006843393306539316,0.007984039105749918,0.7299699775095986
2024-11-15 23:02:09.487608,0.0039758170536167104,0.011264393050844292,0.7288575997227581
2024-11-18 23:02:09.487608,-0.004897596803093615,0.0028927653327580592,0.7790362135851674
2024-11-19 23:02:09.487608,-0.007283047254023126,-0.00012924593267367793,0.7153801321349448
2024-11-20 23:02:09.487608,0.0024584525509768157,0.009248266269614083,0.6789813718637268
2024-11-21 23:02:09.487608,-0.00928372777615032,-0.00211935379060704,0.716437398554328
2024-11-22 23:02:09.487608,0.004582527557144719,0.011332976783052695,0.6750449225907976
2024-11-25 23:02:09.487608,-0.016525836042378405,-0.00935288636613001,0.7172949676248395
2024-11-26 23:02:09.487608,0.010791556373256437,0.018112190322009697,0.7320633948753259
2024-11-27 23:02:09.487608,0.00522597482413043,0.012588237066281857,0.7362262242151427
2024-11-28 23:02:09.487608,0.0030602973431387566,0.00984696990398244,0.6786672560843683
2024-11-29 23:02:09.487608,0.01032690983945514,0.01739811364222217,0.707120380276703
2024-12-02 23:02:09.487608,0.017154744444625766,0.023920335317299334,0.6765590872673569
2024-12-03 23:02:09.487608,0.010643700650181305,0.01803930532435524,0.7395604674173933
2024-12-04 23:02:09.487608,-0.017908742313316454,-0.010695610911803908,0.7213131401512546
2024-12-05 23:02:09.487608,-0.012295769667357015,-0.0050516712738276305,0.7244098393529385
2024-12-06 23:02:09.487608,-0.005748185776956788,0.0013724588809474409,0.7120644657904229
2024-12-09 23:02:09.487608,0.0007609105021083378,0.008078511145344566,0.7317600643236228
2024-12-10 23:02:09.487608,0.00567659020469123,0.013019442950384291,0.7342852745693063
2024-12-11 23:02:09.487608,-0.006757438131534656,1.526660031643881e-05,0.6772704731851095
2024-12-12 23:02:09.487608,0.002367667644770783,0.009143878433390346,0.6776210788619561
2024-12-13 23:02:09.487608,-0.0070538293235332256,-0.0007395682879107971,0.6314261035622428
2024-12-16 23:02:09.487608,-0.005615178029919482,0.0008766627203216039,0.6491840750241086
2024-12-17 23:02:09.487608,-0.013566610968482223,-0.006875127491878024,0.6691483476604199
2024-12-18 23:02:09.487608,-0.008732332461109042,-0.0018667541991482439,0.6865578261960799
2024-12-19 23:02:09.487608,-0.013016846056163336,-0.006331532523185325,0.6685313532978011
2024-12-20 23:02:09.487608,-0.009258732529773326,-0.002544181317639941,0.6714551212133385
2024-12-23 23:02:09.487608,0.011036417966078396,0.017565900455529963,0.6529482489451568
2024-12-24 23:02:09.487608,-0.00899398888831943,-0.002454378913160105,0.6539609975159325
2024-12-25 23:02:09.487608,0.02682382064837391,0.033470070924797646,0.6646250276423737
2024-12-26 23:02:09.487608,0.005433179008808893,0.011457409334155868,0.6024230325346974
2024-12-27 23:02:09.487608,0.002348361236948739,0.009413472694541262,0.7065111457592522
2024-12-30 23:02:09.487608,-0.008083577801812136,-0.001655940388945904,0.6427637412866232
2024-12-31 23:02:09.487608,0.007503098794089913,0.01439536387036244,0.6892265076272526
2025-01-01 23:02:09.487608,-0.00525637826237774,0.001073233950037061,0.6329612212414801
2025-01-02 23:02:09.487608,0.0017200981464536144,0.0085786073208751,0.6858509174421484
2025-01-03 23:02:09.487608,0.02610084538268795,0.032888718531746935,0.6787873149058989
2025-01-06 23:02:09.487608,-0.0004605989972464987,0.00615177875546009,0.6612377752706589
2025-01-07 23:02:09.487608,0.01199273326285676,0.018262528772822098,0.6269795509965337
2025-01-08 23:02:09.487608,-0.006531764251258874,0.0001356403151772604,0.6667404566436134
2025-01-09 23:02:09.487608,0.000150115095030383,0.00644207601573415,0.6291960920703766
2025-01-10 23:02:09.487608,0.0182080063563551,0.024794234182652166,0.6586227826297064
2025-01-13 23:02:09.487608,-0.005769670577877674,0.0012592533094440434,0.7028923887321717
2025-01-14 23:02:09.487608,0.018624485579969288,0.025514118530169338,0.688963295020005
2025-01-15 23:02:09.487608,0.007577519354554755,0.014286358160683181,0.6708838806128425
2025-01-16 23:02:09.487608,-0.005124667758942677,0.0012662191234801426,0.6390886882422819
2025-01-17 23:02:09.487608,0.006824077390555209,0.013548529158977893,0.6724451768422683
2025-01-20 23:02:09.487608,0.0102255444962673,0.016631351082057627,0.6405806585790326
2025-01-21 23:02:09.487608,0.006718099622171965,0.012171676685659695,0.5453577063487729
2025-01-22 23:02:09.487608,-0.015202247198904565,-0.008801209744266871,0.6401037454637694
2025-01-23 23:02:09.487608,-0.006771371758248686,-0.0007438688618345724,0.6027502896414113
2025-01-24 23:02:09.487608,-0.0019751863555150474,0.004350165627005697,0.6325351982520744
2025-01-27 23:02:09.487608,-0.0002443342910004629,0.00516385026719,0.5408184558190463
2025-01-28 23:02:09.487608,0.006706720975506781,0.011466223685224753,0.47595027097179715
2025-01-29 23:02:09.487608,0.0022770100093325385,0.008103581858752758,0.582657184942022
2025-01-30 23:02:09.487608,-0.012853443587101013,-0.00703421816388816,0.5819225423212853
2025-01-31 23:02:09.487608,0.004301978510059632,0.00927888664740514,0.4976908137345507
2025-02-03 23:02:09.487608,0.006605857452838232,0.01180608131819692,0.5200223865358689
2025-02-04 23:02:09.487608,0.006097904479310398,0.012449061844554904,0.6351157365244506
2025-02-05 23:02:09.487608,0.01130780725554622,0.016554011004863686,0.5246203749317468
2025-02-06 23:02:09.487608,0.00883922154548904,0.014446966962735387,0.5607745417246346
2025-02-07 23:02:09.487608,0.005091800792284367,0.010129235729888292,0.5037434937603926
2025-02-10 23:02:09.487608,-0.00020165711458647025,0.004386527364450985,0.45881844790374554
2025-02-11 23:02:09.487608,-0.016109609335159914,-0.010756325797533724,0.535328353762619
2025-02-12 23:02:09.487608,0.004796182191325859,0.01000036397029122,0.5204181778965361
2025-02-13 23:02:09.487608,0.0025768768716311116,0.007727554898741132,0.515067802711002
2025-02-14 23:02:09.487608,0.0032157883719537345,0.00843958900399598,0.5223800632042245
2025-02-17 23:02:09.487608,-0.012267485758203094,-0.006953677773978171,0.5313807984224923
2025-02-18 23:02:09.487608,-0.010310565404082624,-0.005163623858206455,0.5146941545876169
2025-02-19 23:02:09.487608,0.011031528533329036,0.015698490750384653,0.46669622170556174
2025-02-20 23:02:09.487608,0.0001044484614334496,0.0054120311446641325,0.5307582683230683
2025-02-21 23:02:09.487608,0.007315006973726244,0.011737257467739511,0.44222504940132673
2025-02-24 23:02:09.487608,0.0007831837613046118,0.005173729961271559,0.4390546199966947
2025-02-25 23:02:09.487608,0.000797561394957452,0.0059394108338182115,0.5141849438860759
2025-02-26 23:02:09.487608,0.009882838059759978,0.01494639133695598,0.5063553277196001
2025-02-27 23:02:09.487608,-0.004660447282173739,0.00013424403725965147,0.479469131943339
2025-02-28 23:02:09.487608,0.0014612077694098335,0.0057101442608599945,0.4248936491450161
2025-03-03 23:02:09.487608,-0.004122752887050425,0.00028725068834214475,0.441000357539257
2025-03-04 23:02:09.487608,-0.003844962274323156,0.000631141218419748,0.44761034927429044
2025-03-05 23:02:09.487608,-0.002591721234686394,0.0014137965617253899,0.4005517796411784
2025-03-06 23:02:09.487608,0.0027213377163371284,0.007043491570521549,0.43221538541844207
2025-03-07 23:02:09.487608,-0.004287486216634773,0.0002790156217542762,0.4566501838389049
2025-03-10 23:02:09.487608,0.013057561255735208,0.017903311545088455,0.4845750289353246
2025-03-11 23:02:09.487608,-0.00844607302219504,-0.004039037268863935,0.44070357533311044
2025-03-12 23:02:09.487608,-0.0013687164416135904,0.0032712163645116253,0.46399328061252154
2025-03-13 23:02:09.487608,-0.0038973105827417496,-5.591471618495358e-05,0.3841395866556796
2025-03-14 23:02:09.487608,0.01496977884353733,0.019723409094017878,0.4753630250480548
2025-03-17 23:02:09.487608,0.002465547765115746,0.006688564934990935,0.42230171698751884
2025-03-18 23:02:09.487608,0.010818445394686349,0.015286297986553817,0.4467852591867468
2025-03-19 23:02:09.487608,-0.01435560373036972,-0.010185299133903175,0.4170304596466545
2025-03-20 23:02:09.487608,0.0031705026586925883,0.007749863686927198,0.457936102823461
2025-03-21 23:02:09.487608,0.00939630795623437,0.013357718912768601,0.39614109565342315
2025-03-24 23:02:09.487608,0.0013228398927542418,0.005747745784402358,0.4424905891648115
2025-03-25 23:02:09.487608,0.011154803750653513,0.01504835803670872,0.38935542860552075
2025-03-26 23:02:09.487608,-0.0046728845010037216,-0.000749993725066303,0.3922890775937418
2025-03-27 23:02:09.487608,0.014593474401855799,0.01858181149182899,0.3988337089973193
2025-03-28 23:02:09.487608,0.023488981236192502,0.02722025394117504,0.37312727049825384
2025-03-31 23:02:09.487608,-0.0031283856043965905,0.0007983366129144741,0.39267222173110644
2025-04-01 23:02:09.487608,-0.003955025214007719,-7.429071994733902e-05,0.38807344940603794
2025-04-02 23:02:09.487608,0.01503384477117701,0.019169521062300805,0.41356762911237954
2025-04-03 23:02:09.487608,0.016295721457307125,0.020271368830193693,0.3975647372886568
2025-04-04 23:02:09.487608,-0.004728600271532683,-0.00037345202716896394,0.4355148244363719
2025-04-07 23:02:09.487608,-0.003701868170958573,0.0007546144746262752,0.44564826455848483
2025-04-08 23:02:09.487608,-0.002317846088605072,0.0015526535373041944,0.38704996259092667
2025-04-09 23:02:09.487608,-0.01294450511034277,-0.008547808981659395,0.4396696128683375
2025-04-10 23:02:09.487608,-0.008686519464841983,-0.005063858231065902,0.36226612337760816
2025-04-11 23:02:09.487608,-0.009541407667520678,-0.005183408491724628,0.43579991757960496
2025-04-14 23:02:09.487608,-0.007177975651041285,-0.0029603745224112176,0.4217601128630067
2025-04-15 23:02:09.487608,0.00015315112613218822,0.003431784035721604,0.32786329095894157
2025-04-16 23:02:09.487608,0.0028421473253652076,0.006744389386000931,0.39022420606357233
2025-04-17 23:02:09.487608,0.01600500492814077,0.01981049709129643,0.3805492163155658
2025-04-18 23:02:09.487608,-0.00948354040738791,-0.005574088415008885,0.3909451992379025
2025-04-21 23:02:09.487608,0.010343223984765839,0.014929355697045333,0.45861317122794937
2025-04-22 23:02:09.487608,-0.0016398884422550897,0.0022526793842005477,0.38925678264556374
2025-04-23 23:02:09.487608,5.362903475670546e-06,0.0038211157533389376,0.3815752849863267
2025-04-24 23:02:09.487608,0.007248194921666038,0.01109337578398997,0.3845180862323931
2025-04-25 23:02:09.487608,-0.010727220215622986,-0.0065005108680837006,0.42267093475392853
2025-04-28 23:02:09.487608,0.004324097461840506,0.008110063231557186,0.37859657697166793
2025-04-29 23:02:09.487608,0.002164522082130561,0.006509631243123787,0.43451091609932263
2025-04-30 23:02:09.487608,0.005424512640081491,0.00949837102025474,0.4073858380173251
2025-05-01 23:02:09.487608,0.003391686439078181,0.006818007282867038,0.3426320843788857
2025-05-02 23:02:09.487608,0.025053001399108942,0.02879147957515496,0.37384781760460184
2025-05-05 23:02:09.487608,-0.00587739984251316,-0.0021232213310865117,0.37541785114266485
2025-05-06 23:02:09.487608,-0.004809969550018176,-0.0009081098743355023,0.39018596756826734
2025-05-07 23:02:09.487608,-0.005731405264247643,-0.0029392621057738686,0.27921431584737744
2025-05-08 23:02:09.487608,-0.005054771191602546,-0.00043327896913898916,0.46214922224635563
2025-05-09 23:02:09.487608,-0.005873871273065177,-0.0019955055857635243,0.3878365687301653
2025-05-12 23:02:09.487608,0.01239016531107552,0.016156578710945568,0.37664133998700494
2025-05-13 23:02:09.487608,0.01470504247989855,0.018809326673384197,0.41042841934856467
2025-05-14 23:02:09.487608,-0.005207462937494764,-0.0008943950630467467,0.4313067874448017
2025-05-15 23:02:09.487608,-0.007823555731042287,-0.004063805378923923,0.3759750352118364
2025-05-16 23:02:09.487608,0.00521415556386404,0.008934701900051727,0.3720546336187687
2025-05-19 23:02:09.487608,-0.005022230442809713,-0.001538567232265758,0.3483663210543955
2025-05-20 23:02:09.487608,0.006829318177555109,0.010203694683510511,0.33743765059554026
2025-05-21 23:02:09.487608,0.002529230208512997,0.0057302457315448795,0.3201015523031882
2025-05-22 23:02:09.487608,-0.01465744114997232,-0.011540145832715053,0.3117295317257266
2025-05-23 23:02:09.487608,0.015975052013300618,0.019065167924160527,0.3090115910859911
2025-05-26 23:02:09.487608,0.01845877673095522,0.021194143162530762,0.2735366431575542
2025-05-27 23:02:09.487608,-0.005627886904843862,-0.0023576786371036114,0.327020826774025
2025-05-28 23:02:09.487608,-0.0033770155993598414,-0.0008538480233324978,0.25231675760273437
2025-05-29 23:02:09.487608,0.00335865390724905,0.006575087343213727,0.3216433435964677
2025-05-30 23:02:09.487608,0.00384456789987025,0.007056883563900062,0.32123156640298123
2025-06-02 23:02:09.487608,0.007085442726728305,0.010267296975899804,0.31818542491714996
2025-06-03 23:02:09.487608,0.020602045387663498,0.02374012229784512,0.31380769101816197
2025-06-04 23:02:09.487608,-0.001269472274940494,0.0028287187874757617,0.40981910624162554
2025-06-05 23:02:09.487608,-0.0074829724453845375,-0.0038529418790397654,0.3630030566344772
2025-06-06 23:02:09.487608,-0.013293192280145272,-0.010693581453565883,0.25996108265793894
2025-06-09 23:02:09.487608,-0.006809300399419191,-0.003836389391692377,0.29729110077268145
2025-06-10 23:02:09.487608,0.00016873027126202908,0.002839167074059863,0.26704368027978337
2025-06-11 23:02:09.487608,0.018445578635177876,0.02102968744159553,0.2584108806417653
2025-06-12 23:02:09.487608,-0.004676112990361714,-0.002274256504797647,0.24018564855640673
2025-06-13 23:02:09.487608,0.002737879516388985,0.005698271172742336,0.29603916563533506
2025-06-16 23:02:09.487608,0.00033577103927247927,0.002762252969643687,0.24264819303712076
2025-06-17 23:02:09.487608,0.012383932734480841,0.015348039765259938,0.2964107030779097
2025-06-18 23:02:09.487608,0.025769324258736216,0.028731134202045126,0.29618099433089096
2025-06-19 23:02:09.487608,-0.004808687729203207,-0.0017964338780674812,0.3012253851135726
2025-06-20 23:02:09.487608,-0.004394394425182222,-0.002408902438230853,0.19854919869513687
2025-06-23 23:02:09.487608,0.010941608770690722,0.013332134878441933,0.2390526107751212
2025-06-24 23:02:09.487608,0.007318914896263115,0.009633638403771346,0.23147235075082317
2025-06-25 23:02:09.487608,0.018967073257360335,0.02095778082149164,0.19907075641313066
2025-06-26 23:02:09.487608,0.006339281853259639,0.007980549404245613,0.16412675509859742
2025-06-27 23:02:09.487608,-0.0030929209078705954,-0.0005770227577329931,0.2515898150137602
2025-06-30 23:02:09.487608,0.006406548306923093,0.008426889297652205,0.20203409907291112
2025-07-01 23:02:09.487608,0.011587035805829078,0.013842774848899519,0.22557390430704413
2025-07-02 23:02:09.487608,0.00870482181197364,0.010584565851616387,0.18797440396427464
2025-07-03 23:02:09.487608,0.005572740311072978,0.007228957594602385,0.16562172835294073
2025-07-04 23:02:09.487608,0.01116674689589154,0.012983312702498006,0.1816565806606467
2025-07-07 23:02:09.487608,0.012192955904456728,0.014029118381692596,0.18361624772358676
2025-07-08 23:02:09.487608,0.014321589910375273,0.015855182481860283,0.15335925714850102
2025-07-09 23:02:09.487608,0.006987098875896427,0.009123903084891673,0.21368042089952455
2025-07-10 23:02:09.487608,-0.0011711808031685436,0.00043419224492180605,0.16053730480903497
2025-07-11 23:02:09.487608,0.0019671368643332287,0.00399022445672014,0.20230875923869104
2025-07-14 23:02:09.487608,0.01256508966508357,0.015120218332473498,0.2555128667389929
2025-07-15 23:02:09.487608,-0.007669356709872361,-0.005135389982686894,0.2533966727185467
2025-07-16 23:02:09.487608,0.004186733088729012,0.006408274293556377,0.22215412048273658
2025-07-17 23:02:09.487608,-0.003433388123273607,-0.0014955425239426133,0.19378455993309934
2025-07-18 23:02:09.487608,0.0007874482293481748,0.0028953431017981063,0.21078948724499316
2025-07-21 23:02:09.487608,0.013284518626072987,0.015503522499997983,0.22190038739249957
2025-07-22 23:02:09.487608,0.0024109906801990334,0.004972268992210748,0.2561278312011714
2025-07-23 23:02:09.487608,0.0009643654815614882,0.0036579031925520183,0.269353771099053
2025-07-24 23:02:09.487608,-0.013098561409799193,-0.010878071351315872,0.22204900584833198
2025-07-25 23:02:09.487608,0.007962535660272206,0.009828641595040436,0.1866105934768229
2025-07-28 23:02:09.487608,0.006954841811410754,0.00928958300497319,0.23347411935624363
2025-07-29 23:02:09.487608,0.022132547233054602,0.02419834795890826,0.20658007258536581
2025-07-30 23:02:09.487608,-0.0025777823495300085,-0.0004725155506197518,0.21052667989102566
2025-07-31 23:02:09.487608,0.00269150327663939,0.005442643558318916,0.2751140281679526
2025-08-01 23:02:09.487608,0.0029938368371075527,0.00554703803156449,0.25532011944569377
2025-08-04 23:02:09.487608,0.016274532797634744,0.01858467318842738,0.23101403907926357
2025-08-05 23:02:09.487608,-0.00045295532386952094,0.0012103331123670632,0.1663288436236584
2025-08-06 23:02:09.487608,0.0032902152577033925,0.0055789649393449565,0.22887496816415637
2025-08-07 23:02:09.487608,0.006578965097165393,0.00911074980781578,0.2531784710650389
2025-08-08 23:02:09.487608,0.002366091231563581,0.004529618398947095,0.21635271673835138
2025-08-11 23:02:09.487608,-0.003964336145505282,-0.0011504424374449164,0.28138937080603654
2025-08-12 23:02:09.487608,0.002440899928983076,0.005287128034904564,0.2846228105921487
2025-08-13 23:02:09.487608,0.011236317498597721,0.014231771732590968,0.29954542339932466
2025-08-14 23:02:09.487608,-0.009765152994110602,-0.007004481077072168,0.2760671917038434
2025-08-15 23:02:09.487608,0.0018296967414687599,0.0045541102672219235,0.2724413525753163
2025-08-18 23:02:09.487608,-0.006501208149391733,-0.0035737324446754684,0.2927475704716265
2025-08-19 23:02:09.487608,0.012450466289248426,0.01515103032610881,0.27005640368603845
2025-08-20 23:02:09.487608,-0.014731869047837748,-0.012491555083102433,0.2240313964735315
2025-08-21 23:02:09.487608,-0.005089218472715883,-0.002831735585195809,0.22574828875200742
2025-08-22 23:02:09.487608,0.004272118750645209,0.0069004910553405515,0.26283723046953417
2025-08-25 23:02:09.487608,0.016155240292343404,0.01836476966689719,0.22095293745537842
2025-08-26 23:02:09.487608,-0.00015750261072987803,0.0025281117113313194,0.2685614322061197
2025-08-27 23:02:09.487608,-0.0050519952669319836,-0.0020312920252745182,0.30207032416574653
2025-08-28 23:02:09.487608,0.0193115706944059,0.021474470647251963,0.21628999528460618
2025-08-29 23:02:09.487608,-0.01398013900416244,-0.010658524208569472,0.3321614795592968
2025-09-01 23:02:09.487608,-0.02148805956620082,-0.01816517429273343,0.33228852734673897
2025-09-02 23:02:09.487608,0.0049001445005333235,0.007915233376954586,0.3015088876421262
2025-09-03 23:02:09.487608,-0.004520542243526111,-0.0012824264849883994,0.3238115758537712
2025-09-04 23:02:09.487608,-0.009712328171307133,-0.006487833243598596,0.32244949277085366
2025-09-05 23:02:09.487608,0.007583564472993534,0.011098257801430655,0.35146933284371196
2025-09-08 23:02:09.487608,0.0029380071377119884,0.0062971483442056785,0.335914120649369
2025-09-09 23:02:09.487608,-0.005140786307367284,-0.0026611063867707984,0.24796799205964853
2025-09-10 23:02:09.487608,-0.012303043986708943,-0.009094823459975122,0.32082205267338215
2025-09-11 23:02:09.487608,0.009224573282801447,0.012222634423681523,0.2998061140880076
2025-09-12 23:02:09.487608,0.0070020117795866095,0.010118901029269219,0.31168892496826095
2025-09-15 23:02:09.487608,-0.0004917586377938292,0.0021495146468017232,0.2641273284595552
2025-09-16 23:02:09.487608,0.01896636996047666,0.022433167409320498,0.3466797448843837
2025-09-17 23:02:09.487608,-0.010200847663261526,-0.0069916903725511185,0.3209157290710407
2025-09-18 23:02:09.487608,-0.014755251709247389,-0.012019873033740093,0.2735378675507296
2025-09-19 23:02:09.487608,-0.006419080698812444,-0.00401077967156709,0.24083010272453542
2025-09-22 23:02:09.487608,4.4139836445021975e-05,0.0027871624385819426,0.27430226021369203
2025-09-23 23:02:09.487608,0.0029333944932269183,0.005700078809863547,0.27666843166366284
2025-09-24 23:02:09.487608,-0.001912360578563299,0.0008177671338331651,0.2730127712396464
2025-09-25 23:02:09.487608,0.004020553965142969,0.007208800548747714,0.3188246583604746
2025-09-26 23:02:09.487608,-0.01201539424190444,-0.008881487796675034,0.3133906445229406
2025-09-29 23:02:09.487608,0.014937646040732595,0.018273960636901263,0.3336314596168667
2025-09-30 23:02:09.487608,-0.00032151178392568805,0.002727431679549093,0.3048943463474781
2025-10-01 23:02:09.487608,0.011672958315881277,0.014330665379373796,0.265770706349252
2025-10-02 23:02:09.487608,0.003927253463777041,0.006839544076754568,0.29122906129775267
2025-10-03 23:02:09.487608,0.005067532191537839,0.008619163156340436,0.3551630964802596
2025-10-06 23:02:09.487608,0.00619767280232204,0.009447872528747518,0.3250199726425478
2025-10-07 23:02:09.487608,0.00497708560017315,0.008326438582855526,0.33493529826823765
2025-10-08 23:02:09.487608,0.006927227598675438,0.009911492172450891,0.2984264573775452
2025-10-09 23:02:09.487608,0.013791525301324315,0.016690541194759833,0.2899015893435519
2025-10-10 23:02:09.487608,0.0024652116970147013,0.005648968503202978,0.3183756806188277
2025-10-13 23:02:09.487608,0.0075900375758851234,0.010930330875893523,0.33402933000084
2025-10-14 23:02:09.487608,-0.0003973569428722672,0.002660547225507618,0.3057904168379885
2025-10-15 23:02:09.487608,0.014901172154494728,0.01809335014997155,0.3192177995476823
2025-10-16 23:02:09.487608,-0.006263923020592697,-0.003256231121489141,0.3007691899103556
2025-10-17 23:02:09.487608,0.018509404329108158,0.022006710690177154,0.3497306361068996
2025-10-20 23:02:09.487608,9.842049355656589e-05,0.0032149423224032032,0.31165218288466373
2025-10-21 23:02:09.487608,-0.013807751021180481,-0.009946132479103047,0.3861618542077434
2025-10-22 23:02:09.487608,0.0017810441491078928,0.0055187088614736205,0.3737664712365728
2025-10-23 23:02:09.487608,-0.006310516574748808,-0.0033213097474355992,0.2989206827313209
2025-10-24 23:02:09.487608,0.008906435489887241,0.011730834509652354,0.28243990197651125
2025-10-27 23:02:09.487608,-0.00602623979302391,-0.003443326677296175,0.25829131157277346
2025-10-28 23:02:09.487608,-0.003961834332147798,-0.0011079142469918014,0.28539200851559965
2025-10-29 23:02:09.487608,-0.01839540730945531,-0.015496982860007398,0.28984244494479133
2025-10-30 23:02:09.487608,-0.004023063192490767,-5.864243348096144e-05,0.3964420759009805
2025-10-31 23:02:09.487608,-0.023738793266289568,-0.020104988082100386,0.3633805184189182
2025-11-03 23:02:09.487608,-0.015339028234857232,-0.011620231679794417,0.37187965550628144
2025-11-04 23:02:09.487608,0.008104146561442973,0.010996336809689177,0.2892190248246205
2025-11-05 23:02:09.487608,0.008358001586508323,0.01163631930452358,0.3278317718015258
2025-11-06 23:02:09.487608,0.004754575617849647,0.008879490974999281,0.41249153571496344
2025-11-07 23:02:09.487608,-0.009169761431292129,-0.00490334500262234,0.4266416428669789
2025-11-10 23:02:09.487608,2.2886438580201464e-05,0.004167477813824469,0.41445913752442676
2025-11-11 23:02:09.487608,0.00046397460909431597,0.004782440439799663,0.4318465830705347
2025-11-12 23:02:09.487608,-0.011083646891925427,-0.006646470278451112,0.4437176613474315
2025-11-13 23:02:09.487608,0.015533983017671506,0.019441936908515044,0.39079538908435374
2025-11-14 23:02:09.487608,0.009273622905756715,0.013238608979167512,0.39649860734107967
2025-11-17 23:02:09.487608,-0.0017096417382966396,0.002337611029795953,0.40472527680925924
2025-11-18 23:02:09.487608,0.0007688583899453078,0.005648131371671763,0.48792729817264546
2025-11-19 23:02:09.487608,0.002583828079475525,0.0060207408099531776,0.34369127304776526
2025-11-20 23:02:09.487608,-0.019917348684242907,-0.015592000608526535,0.4325348075716372
2025-11-21 23:02:09.487608,-0.001971773825205969,0.001987023254615629,0.39587970798215977
2025-11-24 23:02:09.487608,-0.006319842479977985,-0.002109238527437729,0.4210603952540256
2025-11-25 23:02:09.487608,-0.009516200098949155,-0.005907931670035494,0.36082684289136613
2025-11-26 23:02:09.487608,-0.002311002928859549,0.001545759723449205,0.3856762652308754
2025-11-27 23:02:09.487608,0.018476865268495228,0.022392630797355356,0.39157655288601284
2025-11-28 23:02:09.487608,0.006908428612670098,0.011459455909701766,0.4551027297031668
2025-12-01 23:02:09.487608,-0.005211789897827968,-0.0011976327102809431,0.4014157187547025
2025-12-02 23:02:09.487608,0.006225827813561586,0.009718821497974008,0.3492993684412422
